식품명,에너지(kcal),탄수화물(g),단백질(g),지방(g),포화지방산(g),트랜스지방산(g)
국밥_돼지머리,137,15.94,6.7,5.16,1.47,0.03
국밥_순대국밥,75,10.38,3.17,2.28,1.26,0.01
국밥_콩나물,52,10.93,1.45,0.24,0.12,0.0
기장밥,166,36.77,3.44,0.57,0.08,0.0
김밥,140,19.98,4.84,4.55,1.1,0.02
김밥_김치,130,19.17,4.3,4.03,1.06,0.02
김밥_날치알,177,28.66,6.1,4.26,1.2,0.03
김밥_돈가스,202,31.64,5.77,5.81,1.07,0.04
김밥_쇠고기,179,25.78,6.46,5.56,1.6,0.17
김밥_참치,174,20.26,7.0,7.22,1.4,0.04
김밥_채소,158,26.65,4.6,3.65,0.99,0.02
김밥_치즈,177,22.1,6.24,7.03,2.43,0.13
김밥_풋고추,169,27.52,4.88,4.41,1.24,0.03
덮밥_낙지,150,24.12,5.88,3.34,0.37,0.01
덮밥_닭고기,125,14.82,11.4,2.18,0.79,0.01
덮밥_돼지고기(제육),202,16.86,9.43,10.77,3.42,0.05
덮밥_불고기,182,26.96,6.6,5.31,1.4,0.24
덮밥_오징어,135,21.94,7.18,2.01,0.24,0.0
보리밥,161,36.77,2.9,0.24,0.1,0.0
볶음밥,183,33.97,5.56,2.76,1.1,0.03
볶음밥_계란,225,24.23,6.62,11.28,2.2,0.05
볶음밥_김치,167,15.74,5.32,9.18,1.43,0.04
볶음밥_새우,172,22.85,6.31,6.14,1.19,0.03
볶음밥_쇠고기,176,21.76,7.59,6.48,1.47,0.07
볶음밥_참치,180,32.9,4.62,3.27,0.49,0.02
볶음밥_채소,182,28.74,4.72,5.39,0.84,0.02
볶음밥_표고버섯,184,31.79,3.36,4.81,0.5,0.02
비빔밥,142,18.84,6.86,4.32,0.95,0.06
비빔밥_육회,147,22.92,6.39,3.36,0.77,0.01
비빔밥_돌솥,147,24.68,5.39,2.95,0.33,0.01
삼각김밥_참치마요네즈,199,25.45,5.93,8.21,1.0,0.03
수수밥,161,35.02,3.16,0.92,0.13,0.0
알밥,128,15.75,4.73,5.11,0.59,0.03
영양돌솥밥,184,36.06,3.43,2.87,0.61,0.01
오므라이스,173,20.54,6.5,7.23,1.38,0.02
자장밥,122,15.57,4.27,4.72,0.58,0.01
잡곡밥,146,29.33,5.3,0.87,0.22,0.0
잡채밥,150,25.79,4.02,3.42,0.41,0.05
주먹밥_쇠고기,178,34.73,4.76,2.18,0.65,0.02
짬뽕밥,72,11.65,3.2,1.4,0.23,0.01
차조밥,157,34.86,2.84,0.65,0.14,0.0
찰밥,153,33.56,4.39,0.18,0.08,0.0
초밥_모듬,160,26.72,9.66,1.59,0.41,0.02
초밥_유부초밥,194,29.82,5.78,5.77,0.69,0.02
카레라이스,108,20.74,3.11,1.4,0.44,0.04
콩나물밥,123,22.39,4.68,1.58,0.42,0.01
콩밥_검정콩,165,34.3,4.53,1.12,0.14,0.0
콩밥_완두콩,138,31.25,2.95,0.16,0.1,0.0
하이라이스,112,21.34,4.02,1.13,0.13,0.0
현미밥,172,38.9,3.1,0.47,0.18,0.0
회덮밥_모듬,145,17.76,9.1,4.15,0.85,0.03
도넛_링도넛,515,46.16,7.85,33.17,4.49,0.25
도넛_찹쌀,288,55.56,6.0,4.64,0.64,0.03
마늘빵,438,57.94,12.06,17.58,8.66,0.18
머핀,384,59.15,5.73,13.84,6.86,0.15
모닝빵,314,52.17,9.5,7.43,3.03,0.06
모카빵,339,57.96,8.55,8.05,3.76,0.31
베이글,306,53.48,10.0,5.83,0.58,0.01
샌드위치_닭가슴살,240,20.96,12.18,11.92,3.16,0.17
샌드위치_모듬,193,8.44,9.5,13.44,3.63,0.07
샌드위치_참치,202,13.78,10.54,11.65,2.64,0.2
샌드위치_채소,244,23.82,4.08,14.75,2.88,0.06
샌드위치_햄_달걀,220,15.64,12.44,11.92,3.45,0.16
소보로빵,392,55.63,8.27,15.13,6.39,0.57
식빵,264,50.91,9.34,2.6,1.47,0.11
초코소라빵,319,51.76,3.29,10.93,4.34,0.03
츄러스,361,58.17,6.6,11.29,2.44,0.19
카스텔라,335,47.99,10.03,11.47,1.14,0.01
케이크_롤케이크,312,44.01,7.36,11.83,1.82,0.03
케이크_생크림케이크,237,27.62,3.45,12.54,8.52,0.08
크로아상,446,43.31,7.52,26.98,9.75,0.27
파이_사과파이,185,34.83,2.54,3.91,1.95,0.17
페이스트리,466,41.5,8.31,29.66,15.31,0.2
피자_콤비네이션피자,274,25.54,10.68,14.36,3.84,0.08
피자빵,298,31.76,8.85,15.05,4.92,0.25
햄버거,264,21.67,12.85,13.98,4.42,0.35
햄버거_불고기버거,250,22.68,13.88,11.52,4.34,0.38
호떡_견과류,314,57.12,5.41,7.07,0.89,0.05
간자장,125,15.13,5.12,4.89,0.8,0.03
국수_막국수,133,23.9,5.8,1.61,0.46,0.02
국수_비빔국수,102,20.47,3.01,0.95,0.2,0.0
국수_잔치국수,44,8.05,1.93,0.49,0.16,0.0
국수_쟁반막국수,119,12.81,6.68,4.56,0.88,0.04
초밥_한치,150,31.17,5.48,0.34,0.18,0.0
냉면_물냉면,55,10.31,1.96,0.64,0.16,0.0
냉면_비빔냉면,100,13.35,5.67,2.64,0.54,0.01
냉면_회냉면_홍어,148,22.21,5.81,4.02,0.27,0.0
떡국,84,16.37,3.43,0.53,0.24,0.0
떡만두국,111,15.47,3.53,3.91,0.57,0.02
라면,82,13.65,1.72,2.28,0.82,0.01
라면_달걀,108,17.33,2.61,3.18,1.35,0.02
라면_떡,96,15.27,2.04,2.92,1.0,0.01
만두_고기만두,159,17.4,12.38,4.45,0.61,0.02
만두_군만두,234,25.57,7.03,11.5,3.28,0.06
만두_김치만두,152,17.02,10.24,4.76,0.1,0.0
만두_물만두,195,15.61,8.06,11.13,3.08,0.05
만두국_사골,87,8.94,3.74,4.0,1.71,0.06
메밀국수_온면,63,12.06,3.14,0.29,0.12,0.0
수제비,58,11.08,2.31,0.52,0.15,0.0
스파게티_미트볼,180,17.62,7.34,8.88,1.44,0.03
우동_일식,158,30.48,1.78,3.22,0.3,0.04
자장면,88,14.37,2.69,2.22,0.38,0.01
짬뽕,58,8.26,2.79,1.54,0.25,0.01
쫄면,129,23.26,3.21,2.52,0.22,0.0
칼국수,77,14.9,3.3,0.49,0.2,0.0
칼국수_바지락,82,15.97,3.43,0.53,0.11,0.0
콩국수,81,8.92,3.9,3.35,0.17,0.0
닭죽,44,7.14,2.68,0.57,0.33,0.01
스프_양송이,105,8.06,2.41,7.04,3.93,0.1
오리죽,155,19.95,7.5,4.99,1.16,0.02
전복죽,79,9.62,1.82,3.73,0.19,0.0
채소죽,43,7.62,1.69,0.69,0.18,0.0
팥죽,81,16.66,3.17,0.19,0.07,0.0
호박죽,49,6.58,1.93,1.71,0.04,0.0
흑임자죽,61,3.64,1.1,4.73,0.28,0.09
갈비탕,54,0.4,8.51,2.06,0.79,0.06
감자국,21,3.67,0.9,0.26,0.03,0.0
곰탕,24,0.11,3.43,1.12,0.41,0.05
곰탕_우거지,25,2.6,2.37,0.6,0.14,0.0
굴국_무,25,2.93,2.41,0.36,0.09,0.0
김치국,23,2.63,1.34,0.76,0.19,0.0
김치국_콩나물,12,1.15,0.82,0.47,0.09,0.0
내장탕,71,1.68,5.82,4.52,1.78,0.01
냉국_미역,37,7.51,0.19,0.67,0.01,0.0
냉국_미역_오이,6,0.85,0.37,0.15,0.01,0.0
달걀국,13,0.69,0.93,0.74,0.27,0.0
달걀탕_순두부,29,0.94,1.78,2.04,0.37,0.0
닭곰탕,51,2.0,7.51,1.42,0.3,0.0
도가니탕,40,0.82,8.35,0.33,0.13,0.01
된장국_감자,25,3.7,1.09,0.6,0.05,0.0
된장국_냉이,22,2.2,1.71,0.66,0.09,0.0
된장국_미역,24,2.28,1.56,0.97,0.07,0.0
된장국_배추,20,2.58,1.46,0.4,0.06,0.0
된장국_시금치,9,0.98,1.02,0.17,0.03,0.0
된장국_시래기,15,2.03,1.31,0.22,0.03,0.0
된장국_쑥,15,1.52,1.22,0.47,0.06,0.0
된장국_아욱,20,1.59,2.28,0.56,0.08,0.0
된장국_얼갈이배추,9,0.85,0.5,0.41,0.02,0.0
된장국_우거지,20,0.82,2.77,0.59,0.13,0.0
된장국_콩나물,31,2.62,2.58,1.11,0.1,0.0
된장국_해물,28,2.68,2.1,0.98,0.13,0.0
된장국_호박,31,1.41,3.34,1.31,0.15,0.0
된장국_호박잎,7,0.54,0.4,0.32,0.02,0.0
매운탕_대구,22,0.19,4.49,0.4,0.15,0.01
무국_쇠고기,15,1.1,1.33,0.64,0.09,0.01
무국_홍합,25,0.86,0.79,2.03,0.01,0.0
묵국_메밀묵,22,3.57,1.0,0.4,0.03,0.0
미역국,12,0.87,0.65,0.61,0.05,0.0
미역국_대합,11,0.56,1.23,0.45,0.16,0.01
미역국_새우,16,1.83,1.09,0.46,0.03,0.0
미역국_쇠고기,13,0.82,1.86,0.26,0.04,0.0
배추국_쇠고기,16,1.14,1.84,0.41,0.09,0.01
북어국,28,0.84,3.89,0.98,0.17,0.0
사골국,55,2.81,5.56,2.42,0.94,0.08
삼계탕,101,3.84,10.68,4.8,1.29,0.03
새우탕,33,2.0,5.17,0.44,0.09,0.0
설렁탕,24,0.36,4.26,0.58,0.23,0.02
순대국,85,14.95,2.35,1.75,0.5,0.01
알탕,39,1.74,6.37,0.74,0.16,0.01
어묵국,31,3.83,1.49,1.03,0.07,0.0
오징어국,18,0.73,2.22,0.73,0.08,0.0
육개장,30,1.49,3.68,0.99,0.17,0.0
육개장_닭고기,20,1.41,2.74,0.42,0.15,0.0
장어탕,67,3.68,4.32,3.91,0.63,0.02
재첩국,23,4.54,0.67,0.29,0.01,0.0
조개국,16,0.25,1.67,0.89,0.05,0.0
콩나물국,6,0.61,0.74,0.09,0.03,0.0
토란국,16,2.61,1.0,0.12,0.04,0.0
해장국_뼈다귀,26,1.06,3.19,0.97,0.21,0.0
해장국_선지,29,1.23,3.86,0.96,0.13,0.0
갈치찌개,38,1.95,5.27,1.0,0.3,0.0
감자탕,71,2.27,6.31,4.06,1.16,0.01
김치전골,73,5.68,3.12,4.23,0.67,0.01
김치찌개_꽁치,89,3.54,7.14,5.18,0.93,0.72
김치찌개_돼지고기,45,1.04,4.25,2.71,0.48,0.01
김치찌개_어묵,38,6.31,1.82,0.59,0.15,0.0
김치찌개_참치,51,2.9,3.59,2.82,0.26,0.03
김치찌개_햄,31,3.17,1.47,1.39,0.45,0.01
꽃게탕,17,1.44,1.86,0.41,0.04,0.0
낙지전골,51,3.72,6.5,1.14,0.33,0.02
동태국,17,1.4,2.42,0.16,0.02,0.0
동태찌개,44,1.72,6.11,1.37,0.2,0.01
돼지고기찌개,48,2.26,6.25,1.51,0.21,0.0
된장찌개,46,4.44,3.38,1.63,0.27,0.0
된장찌개_냉이,19,2.91,1.17,0.31,0.04,0.0
된장찌개_달래,35,3.81,3.18,0.79,0.18,0.0
된장찌개_두부,41,2.56,3.25,1.96,0.28,0.0
된장찌개_바지락,23,1.18,2.88,0.72,0.17,0.0
두부찌개_고추장,52,3.18,4.01,2.63,0.35,0.0
두부찌개_쇠고기_고추장,58,6.73,4.56,1.42,0.28,0.0
두부찌개_쇠고기_된장,55,3.5,5.71,1.98,0.41,0.01
매운탕_해물,35,2.51,4.85,0.64,0.18,0.01
버섯전골,78,4.78,5.14,4.24,0.98,0.11
부대찌개,123,10.27,5.86,6.49,1.68,0.05
샤브샤브_버섯,30,1.57,3.88,0.9,0.62,0.03
샤브샤브_쇠고기,43,1.8,5.38,1.62,0.18,0.0
쇠고기전골,63,0.46,7.89,3.24,0.69,0.15
순두부찌개_김치,35,2.17,2.98,1.59,0.46,0.01
오리백숙,112,0.5,10.59,7.5,1.56,0.05
오리탕,121,6.08,9.5,6.56,1.33,0.04
오징어찌개,34,4.77,3.3,0.22,0.05,0.0
우동_볶음,128,24.79,2.8,2.01,0.49,0.03
청국장찌개,47,1.92,5.03,2.11,0.45,0.01
추어탕,54,3.07,3.24,3.18,0.31,0.01
콩비지찌개,69,3.57,6.74,3.08,0.51,0.01
호박찌개_고추장,41,5.96,2.08,0.99,0.1,0.0
가오리찜,102,0.46,21.99,1.39,0.26,0.0
갈비찜_쇠고기,85,6.95,7.25,3.17,0.85,0.1
감자_찐감자,70,15.01,2.16,0.16,0.03,0.0
고구마_찐고구마,139,32.47,1.67,0.24,0.05,0.01
깻잎찜,97,5.96,5.21,5.86,0.46,0.02
꼬막찜,96,6.97,12.03,2.28,0.59,0.04
꽈리고추찜,104,17.69,3.59,2.09,0.37,0.01
달걀찜_새우젓,58,0.47,4.98,4.04,1.22,0.02
달걀찜_우유,105,3.8,8.23,6.31,2.5,0.09
닭찜,107,0.6,12.37,6.09,0.98,0.02
돼지갈비찜,194,7.44,13.29,12.32,3.68,0.13
사태찜_쇠고기,110,3.67,12.1,5.17,1.13,0.14
수육_쇠고기,166,2.04,28.43,4.94,1.89,0.26
순대,187,35.73,2.75,3.64,1.12,0.02
아귀찜,84,7.26,6.72,3.13,0.48,0.02
애호박찜,181,21.18,9.5,6.48,1.44,0.07
옥수수_찐옥수수,185,34.2,6.68,2.42,0.29,0.0
족발,233,0.93,26.04,13.91,4.66,0.06
코다리찜,94,6.08,14.49,1.35,0.31,0.01
콩나물찜_해물,56,4.97,6.67,1.01,0.21,0.0
풋고추찜,51,8.27,2.31,0.99,0.14,0.0
가자미구이,123,0.66,18.7,5.02,0.82,0.1
갈비구이_쇠고기,241,1.59,25.91,14.55,5.62,0.6
갈치구이_기름,138,0.6,21.54,5.48,1.31,0.05
고등어구이_석쇠,340,3.79,23.38,25.69,6.95,0.33
곱창구이_쇠고기,184,4.71,14.89,11.73,4.11,0.31
김구이_조미김,470,29.0,20.4,30.2,3.0,0.2
꼬치구이_닭고기_대파,245,10.35,17.85,14.7,4.16,0.13
닭구이,257,7.8,26.21,13.39,3.75,0.05
닭발구이,196,9.7,18.15,9.41,2.58,0.06
떡갈비,202,2.46,21.38,11.82,4.29,0.42
런천미트구이,303,3.27,17.56,24.38,9.01,0.16
뱅어포구이,374,25.07,34.37,15.17,3.0,0.11
버섯구이,52,4.78,5.16,1.38,0.41,0.01
버섯구이_새송이,84,11.66,4.29,2.21,0.28,0.01
버섯구이표고버섯,100,18.14,4.34,1.06,0.65,0.04
불고기_쇠고기,170,4.26,16.41,9.66,3.26,0.2
불고기_오리,145,9.05,6.75,9.05,2.04,0.05
삼겹살구이,467,0.35,22.56,41.69,12.42,0.34
삼겹살구이_고추장,403,12.63,14.21,32.83,13.1,0.29
삼치구이,178,1.45,21.42,9.57,2.02,0.07
새우구이,145,2.82,23.41,4.44,0.74,0.05
스테이크_소등심,194,0.14,30.22,8.07,3.85,0.35
스테이크_소안심,183,0.13,34.82,4.83,0.22,0.0
오리고기구이,293,4.89,24.06,19.7,4.82,0.09
애호박전,122,6.73,4.35,8.62,1.33,0.08
장어구이_고추장,259,6.18,19.82,17.21,4.68,0.34
조개구이_키조개,130,10.44,17.43,2.07,0.09,0.0
조기구이,177,0.44,19.33,10.86,3.08,0.12
참치구이_머리,193,1.4,26.56,8.98,2.76,0.08
치킨데리야끼,208,15.21,16.54,9.01,2.59,0.06
함박스테이크,174,7.19,12.1,10.73,3.3,0.13
가지전,123,8.88,5.48,7.28,1.8,0.1
감자전,133,16.79,1.72,6.54,0.89,0.05
고구마전,227,35.99,2.92,7.98,1.19,0.06
김치전,134,19.01,5.05,4.2,0.87,0.04
달걀말이,193,1.45,17.21,13.21,3.33,0.08
달걀부침(달걀후라이),208,5.15,15.73,13.78,3.72,0.1
달걀부침(달걀후라이)_햄,277,8.06,12.71,21.59,6.65,0.21
두부부침,140,2.07,10.92,9.77,1.45,0.03
맛살전,165,19.69,7.48,6.24,1.21,0.06
메밀전,161,34.79,4.02,0.64,0.26,0.0
버섯전_표고버섯,181,12.74,10.13,9.98,2.18,0.19
부추전,167,27.86,4.63,4.17,0.8,0.05
산적_돼지고기,200,1.55,29.06,8.56,2.41,0.05
스크램블드에그,216,2.56,11.81,17.59,3.2,0.07
완자전_돼지고기,139,6.51,14.78,5.95,1.77,0.05
완자전_쇠고기,162,4.68,18.73,7.56,1.61,0.1
완자전_참치,173,13.57,15.0,6.49,1.5,0.08
완자전_해물,222,18.04,11.46,11.61,3.43,0.17
채소전,145,22.59,3.57,4.5,0.89,0.06
파전_해물,171,18.29,5.5,8.4,1.04,0.03
감자볶음,100,12.41,1.75,4.84,0.63,0.03
감자볶음_채소,108,13.1,2.04,5.22,0.69,0.05
건새우볶음,304,5.4,41.55,12.95,1.75,0.1
곱창볶음_돼지고기,130,18.52,7.23,3.0,1.05,0.01
김치볶음,106,7.27,1.38,7.94,0.87,0.08
김치볶음_참치,122,7.12,8.33,6.68,0.64,0.11
낙지볶음,91,8.6,5.77,3.77,0.44,0.02
닭발볶음,186,11.72,13.8,9.38,2.2,0.1
닭볶음,186,7.93,13.98,10.96,1.92,0.07
닭볶음_닭가슴살_피망,122,1.38,16.39,5.65,0.65,0.03
당근볶음,95,7.79,0.93,6.63,1.1,0.01
돼지고기볶음_김치,161,5.93,11.81,10.05,2.99,0.06
돼지고기볶음_채소,169,8.63,16.57,7.59,2.58,0.03
돼지고기볶음(제육볶음),195,4.73,12.15,14.19,4.18,0.06
국밥_돼지고기,76,6.23,5.53,3.22,0.7,0.02
떡볶이,144,25.96,3.51,2.96,0.28,0.01
떡볶이_채소,258,57.06,3.12,1.88,0.39,0.02
라볶이,134,20.14,2.83,4.71,1.47,0.03
마늘쫑볶음,89,13.17,3.25,2.54,0.37,0.01
마늘쫑볶음_멸치,117,15.42,7.54,2.78,0.42,0.02
마파두부,109,5.36,7.29,6.48,1.04,0.03
멸치볶음,276,13.62,39.44,7.08,1.28,0.04
멸치볶음_견과류,414,18.36,30.4,24.32,3.04,0.02
멸치볶음_꽈리고추,253,7.96,23.62,14.08,0.16,0.0
멸치볶음_마늘쫑,277,12.42,32.4,10.84,1.9,0.06
멸치볶음_풋고추,190,13.3,20.62,6.0,1.3,0.04
문어볶음_고추장,88,8.62,10.97,1.02,0.22,0.01
미역줄기볶음,77,4.85,0.96,5.95,0.89,0.04
버섯볶음_느타리,94,6.78,2.8,6.2,0.8,0.04
버섯볶음_새송이,121,9.29,2.95,8.03,1.51,0.08
브로콜리볶음,51,5.53,4.42,1.28,0.22,0.0
삼겹살볶음_묵은지,151,8.4,5.76,10.49,3.36,0.13
새우볶음,83,5.96,9.91,2.21,0.38,0.03
소시지볶음,280,14.41,11.94,19.38,5.8,0.09
쇠고기볶음_고추장,197,10.7,14.36,10.79,4.28,0.1
쇠고기볶음_버섯,144,6.92,11.59,7.73,2.57,0.06
쇠고기볶음_채소,126,6.44,12.8,5.4,2.17,0.05
애호박볶음,59,5.3,1.32,3.62,0.44,0.04
양파볶음,56,9.51,0.99,1.54,0.11,0.01
어묵볶음,197,24.33,8.41,7.29,1.32,0.05
어묵볶음_채소,152,17.2,6.33,6.41,1.0,0.07
오징어볶음,128,7.43,9.85,6.52,1.0,0.04
유산슬,86,4.1,7.54,4.4,0.78,0.03
잔멸치볶음_견과류,388,22.64,24.34,22.22,2.54,0.04
잔멸치볶음_꽈리고추,293,9.24,24.78,17.48,2.74,0.12
잔멸치볶음_풋고추,256,16.94,28.24,8.32,1.56,0.06
잔멸치볶음_홍고추_풋고추,228,5.72,33.28,8.0,1.42,0.06
잡채,146,24.26,4.71,3.3,0.55,0.07
잡채_어묵,148,26.13,2.34,3.78,0.64,0.03
잡채_콩나물,67,12.55,1.93,0.97,0.12,0.22
죽순볶음_쇠고기,120,3.78,13.68,5.59,2.12,0.13
팔보채,90,3.42,12.42,2.9,0.39,0.02
풋고추볶음,70,8.25,1.93,3.23,0.58,0.03
햄볶음_채소,183,9.6,10.47,11.37,3.6,0.08
감자조림,114,18.1,2.4,3.52,0.42,0.02
고등어조림,141,4.1,11.25,8.84,2.14,0.05
꽁치조림,244,5.14,15.52,17.87,3.52,2.48
닭볶음탕,111,8.52,11.91,3.22,1.19,0.03
닭조림,197,6.57,18.03,10.9,2.73,0.07
닭조림_고추장,152,13.25,9.12,6.94,2.05,0.04
두부조림,143,4.4,9.64,9.66,1.36,0.02
땅콩조림,483,19.95,18.75,36.4,5.8,0.05
멸치조림,318,8.93,40.92,13.22,2.27,0.09
무조림,48,4.29,2.26,2.38,0.35,0.04
미트볼조림,221,12.95,18.15,10.73,2.12,0.08
버섯조림,60,6.23,4.38,2.0,1.47,0.06
병어조림,112,4.87,12.46,4.78,2.07,0.12
삼치조림,125,2.61,15.88,5.63,1.64,0.04
양미리조림,65,9.09,5.76,0.66,0.29,0.01
어묵조림,159,23.16,5.83,4.73,0.81,0.05
연근조림,174,29.42,2.68,5.1,0.64,0.02
오징어조림,137,12.45,16.55,2.37,0.63,0.01
오징어채조림,240,25.36,23.52,4.9,0.82,0.02
우엉조림,188,34.8,4.8,3.33,0.53,0.07
장조림_달걀,138,8.67,9.85,7.12,2.07,0.03
장조림_메추리알,203,6.3,14.25,13.41,4.18,0.08
장조림_쇠고기,69,4.84,10.41,0.86,0.43,0.03
장조림_쇠고기_메추리알,157,15.56,11.69,5.39,1.63,0.06
쥐포조림,276,36.12,13.03,8.86,1.3,0.04
코다리조림,86,4.16,16.46,0.4,0.17,0.02
콩조림(콩자반),281,34.83,17.97,7.73,0.67,0.0
감자튀김,312,35.15,4.55,17.01,3.29,0.07
김튀김,522,54.36,11.0,28.9,5.36,0.2
다시마튀각,462,47.32,8.44,26.52,4.08,0.32
닭다리튀김_간장,323,17.88,18.86,19.6,4.78,0.17
닭튀김_날개,257,10.49,17.17,16.27,3.91,0.13
떡강정,249,47.89,3.79,4.72,0.96,0.05
미역튀각,443,21.14,13.24,33.9,5.42,0.48
탕수육_새우,116,13.02,6.65,4.2,0.71,0.07
가지나물무침,36,4.18,1.42,1.5,0.22,0.0
고구마줄기나물무침,83,4.1,0.98,7.0,1.16,0.16
고사리나물무침,90,6.28,3.78,5.52,0.7,0.02
고춧잎나물무침,88,7.14,4.41,4.69,0.74,0.09
깻잎나물무침,78,5.04,2.68,5.18,0.64,0.1
냉이나물무침,111,15.7,5.02,3.07,0.48,0.03
도라지나물무침,130,13.12,2.48,7.52,1.0,0.04
돌나물무침,69,8.3,1.66,3.18,0.5,0.06
머위대나물무침,58,4.76,3.96,2.56,0.32,0.02
무나물무침,21,3.64,0.62,0.46,0.04,0.0
방풍나물무침,76,10.74,4.39,1.73,0.23,0.0
배추나물무침,61,8.45,2.01,2.19,0.29,0.03
비름나물무침,73,5.7,3.46,4.05,0.63,0.1
숙주나물무침,35,2.96,2.22,1.58,0.12,0.0
시금치나물무침,69,3.36,3.74,4.46,0.4,0.12
시래기나물무침,114,7.74,4.32,7.28,0.9,0.02
씀바귀나물무침,97,16.57,3.87,1.73,0.36,0.08
열무나물무침,82,4.76,3.91,5.3,0.66,0.18
열무나물무침_된장,68,4.09,3.71,4.09,0.52,0.12
유채나물무침,96,7.82,5.8,4.6,0.59,0.04
참나물무침,60,4.14,2.51,3.69,0.58,0.01
취나물_된장,44,4.12,3.08,1.66,0.19,0.01
취나물무침_취나물(마른것),89,6.4,3.62,5.4,0.56,0.02
콩나물무침,69,3.2,3.86,4.54,0.48,0.0
콩나물무침_고춧가루,93,5.93,3.93,5.93,0.83,0.01
토란대나물무침,68,4.22,5.14,3.38,0.46,0.02
호박오가리나물무침,201,21.46,6.14,10.01,1.65,0.13
가죽나물무침,76,10.05,5.83,1.35,0.19,0.01
겉절이_배추,55,6.58,2.28,2.14,0.42,0.06
겉절이_상추,61,5.26,2.36,3.41,0.38,0.02
겉절이_열무,58,5.38,2.4,2.94,0.46,0.08
겉절이_치커리,56,4.4,1.49,3.65,0.42,0.11
골뱅이무침_소면,109,18.91,5.01,1.47,0.18,0.0
굴무침,77,7.3,6.68,2.31,0.61,0.03
김무침,259,19.33,21.17,10.73,1.53,0.07
낙지무침,77,3.96,12.41,1.24,0.17,0.0
냉채_닭고기,90,5.0,13.08,1.95,0.5,0.01
다시마무침,48,6.8,2.57,1.18,0.28,0.0
달래무침,63,6.07,2.92,3.02,0.4,0.02
도라지생채,77,16.15,2.06,0.51,0.13,0.0
두릅무침_초고추장,67,7.89,2.16,3.01,0.42,0.0
마늘쫑무침,106,12.77,2.73,4.93,0.63,0.03
만두_월남쌈,118,12.25,5.94,4.97,2.13,0.02
무말랭이무침,121,22.5,4.2,1.55,1.25,0.05
무생채,49,7.33,2.43,1.11,0.16,0.02
무생채_굴,50,5.92,3.68,1.26,0.19,0.01
묵무침_도토리묵,74,10.92,0.93,2.95,0.38,0.01
물회_오징어,49,3.26,6.19,1.2,0.19,0.0
미나리무침,46,5.41,1.31,2.13,0.3,0.01
시루떡,224,48.13,3.77,1.85,0.11,0.0
미역초무침,35,5.24,1.18,1.02,0.16,0.0
민들레잎무침,81,12.32,2.69,2.33,0.21,0.01
버섯무침_느타리버섯,59,3.44,2.74,3.77,0.46,0.01
부추무침,92,6.25,3.5,5.92,0.79,0.02
부추무침_양파,44,6.81,1.83,1.07,0.19,0.02
북어채무침,188,12.05,28.4,2.91,0.51,0.02
샐러드_감자,126,12.25,1.31,7.99,1.36,0.06
샐러드_단호박,162,18.77,1.48,8.97,1.35,0.05
샐러드_닭가슴살,135,5.36,7.17,9.49,1.21,0.03
샐러드_새싹,74,4.96,2.77,4.81,0.62,0.02
샐러드_양배추,150,8.47,2.69,11.71,1.79,0.05
샐러드_양상추,126,3.42,4.91,10.3,1.31,0.05
샐러드_옥수수,166,12.68,1.96,11.94,1.88,0.09
샐러드_참치,151,7.52,10.82,8.65,1.47,0.05
샐러드_채소,145,5.1,1.16,13.35,2.11,0.06
양장피,133,10.95,7.3,6.63,1.21,0.03
오이무침_부추,31,5.01,1.95,0.39,0.08,0.0
오이생채,69,8.96,1.78,2.9,0.14,0.0
오이지무침,52,4.21,0.96,3.51,0.41,0.01
오징어무침_채소,62,7.6,5.85,0.93,0.14,0.0
오징어채무침,258,28.41,23.6,5.53,0.99,0.03
톳나물무침,75,12.28,1.87,2.09,0.3,0.01
파래무침,49,4.97,3.53,1.7,0.2,0.03
파무침,71,9.08,2.25,2.81,0.31,0.01
풋고추된장무침_풋고추,124,12.0,2.37,7.35,1.07,0.04
풋마늘무침,71,11.27,4.14,1.04,0.11,0.01
피조개무침,52,6.07,4.71,0.95,0.18,0.01
해초무침,39,8.52,0.95,0.16,0.06,0.0
회무침,82,8.6,8.09,1.65,0.52,0.03
회무침_가오리,81,6.35,11.33,1.16,0.2,0.0
고들빼기김치,71,11.52,3.0,1.38,0.14,0.0
깍두기,33,4.24,1.56,1.06,0.04,0.0
깻잎김치,62,8.92,2.82,1.72,0.08,0.0
나박김치,10,1.15,0.46,0.38,0.02,0.0
동치미,14,2.28,0.29,0.37,0.01,0.0
물김치_돌나물,5,0.75,0.31,0.08,0.01,0.0
보쌈김치,30,3.73,2.19,0.72,0.04,0.0
부추김치,47,6.36,2.68,1.16,0.1,0.0
얼갈이배추김치,63,10.94,1.59,1.45,0.05,0.0
오이김치,38,5.64,2.06,0.8,0.11,0.0
가자미식해,134,11.64,11.09,4.81,0.7,0.03
갈치젓_양념,149,10.28,15.53,5.08,1.87,0.03
꽃게장_간장,62,6.04,7.02,1.1,0.16,0.0
꽃게장_양념(고추가루),97,12.61,10.23,0.61,0.24,0.01
단무지,13,2.4,0.33,0.2,0.03,0.0
더덕장아찌,141,28.9,4.47,0.89,0.23,0.0
매실장아찌_우메보시(일본),65,11.03,1.27,1.77,0.03,0.0
멸치젓_양념,90,7.4,11.4,1.6,0.8,0.0
무짠지,11,1.98,0.54,0.12,0.02,0.0
무초절임(치킨무),17,3.05,0.52,0.3,0.02,0.0
새우젓_양념,69,6.0,7.1,1.8,0.3,0.0
오이장아찌,14,2.54,0.36,0.28,0.04,0.0
오이지,21,2.84,0.74,0.72,0.04,0.0
오징어젓_양념,60,3.4,10.1,0.7,0.2,0.0
미숫가루,70,10.42,2.08,2.27,0.36,0.0
가래떡,195,43.73,3.92,0.51,0.19,0.0
경단_깨,240,38.58,6.28,6.72,0.99,0.0
꿀떡,228,49.48,3.74,1.73,0.3,0.0
모듬찰떡,218,42.27,6.78,2.44,0.28,0.0
백설기,230,50.4,3.71,1.45,0.12,0.0
송편_깨,219,42.83,4.65,3.23,0.62,0.0
국밥_굴,105,13.6,6.52,2.74,0.6,0.02
약식,220,45.24,4.21,2.45,0.27,0.0
인절미,242,50.07,5.64,2.16,0.24,0.0
절편_쑥,192,34.87,7.72,2.42,0.24,0.0
증편,200,44.15,3.17,1.2,0.15,0.0
찹쌀팥앙금,295,62.93,5.06,2.53,0.13,0.0
육회,130,8.12,9.93,6.43,2.11,0.08
초밥_(삼삼한밥상(Ⅶ))채소 초밥,140,31.3,2.71,0.49,0.0,0.0
도넛_(못난이꽈배기)못난이찹쌀고구마크림치즈도넛,293,41.16,6.81,11.3,5.07,0.14
도넛_(못난이꽈배기)못난이찹쌀꽈배기,291,49.27,7.27,7.27,1.09,0.0
도넛_(못난이꽈배기)못난이찹쌀모짜렐라치즈도넛,276,39.43,10.71,8.43,2.14,0.0
도넛_(못난이꽈배기)못난이찹쌀유자도넛,271,50.86,6.57,4.57,0.71,0.0
도넛_(못난이꽈배기)못난이찹쌀팥도넛,279,53.14,7.0,4.29,0.71,0.0
도넛_(못난이꽈배기)못난이찹쌀핫도그,295,34.84,8.63,13.47,3.68,0.0
머핀_(커피빈)크림 치즈 머핀,410,53.13,7.03,22.66,14.06,0.78
머핀_(커피에 반하다)블루베리머핀,104,40.0,7.27,20.91,0.0,0.0
머핀_(커피에 반하다)치즈머핀,373,41.82,7.27,2.73,0.0,0.0
모카빵_(커피에 반하다)모카번,391,46.25,6.25,13.75,0.0,0.0
베이글_(커피빈)쌀 블루베리 베이글,268,52.5,10.83,1.67,1.67,0.0
베이글_(커피빈)치즈 베이글,324,39.17,10.0,14.17,5.0,0.0
베이글_(커피빈)플레인 베이글,263,52.5,10.0,1.33,0.33,0.0
베이글_(커피에 반하다)블루베리 베이글,255,58.18,9.09,1.09,0.0,0.0
베이글_(커피에 반하다)어니언 베이글,258,60.0,9.09,1.0,0.0,0.0
베이글_(커피에 반하다)치즈 베이글,324,56.36,10.0,4.64,0.0,0.0
베이글_(커피에 반하다)플레인 베이글,251,59.09,10.0,1.0,0.0,0.0
비스킷/쿠키/크래커_(커피에 반하다)마카다미아넛 쿠키,529,54.29,5.71,31.43,0.0,0.0
빵_(눈치떡)크림갈릭볼,456,41.67,6.67,29.17,8.33,0.0
샌드위치_(커피빈)루꼴라&햄 페스토 샌드위치,204,25.29,7.06,8.24,1.76,0.0
샌드위치_(커피빈)에그 베이컨 브리오쉬,214,30.95,11.9,4.76,2.38,0.03
샌드위치_(커피빈)에그 잼 사라다 샌드위치,203,19.44,10.0,9.44,1.61,0.0
샌드위치_(커피빈)에그 햄 치즈 베이글,28,3.21,1.29,1.07,0.64,0.01
샌드위치_(커피빈)크로크무슈,186,22.0,11.0,6.0,2.7,0.0
샌드위치_(커피빈)햄 치즈 잉글리쉬 머핀,191,21.0,11.0,7.0,2.1,0.0
샌드위치_(커피에 반하다)불고기 치아바타,307,42.22,13.33,9.63,0.0,0.0
샌드위치_(커피에 반하다)잉글리쉬머핀,100,10.25,4.95,4.59,0.0,0.0
샌드위치_(커피에 반하다)크로크무슈,312,27.86,52.14,12.14,0.0,0.0
샌드위치_(커피에 반하다)햄에그 치아바타,266,29.68,12.9,8.39,0.0,0.0
스콘_(커피빈)블루베리 초코칩스틱 스콘,441,60.91,6.36,19.09,11.82,0.06
스콘_(커피에 반하다)건포도 스콘,436,63.33,5.56,17.78,0.0,0.0
스콘_(커피에 반하다)초코스콘,571,64.44,12.22,28.89,0.0,0.0
스콘_(커피에 반하다)플레인스콘,493,63.33,6.67,23.33,0.0,0.0
츄러스_(스트릿츄러스)스틱츄,370,51.43,5.14,16.0,1.26,0.0
츄러스_(스트릿츄러스)츄러스,355,50.0,5.0,15.0,1.25,0.0
츄러스_(스트릿츄러스)치즈스틱츄,367,52.0,5.14,15.43,1.71,0.0
츄러스_(스트릿츄러스)치즈츄러스,355,50.0,5.0,15.0,1.5,0.0
카스텔라_(커피빈)생크림 카스테라,333,31.43,4.76,20.95,9.52,0.28
케이크_(커피빈)밀크레이프,288,25.14,7.88,17.32,6.14,0.06
케이크_(커피빈)쁘띠 까망베르 치즈 케익,316,28.67,5.33,20.0,14.33,0.33
케이크_(커피빈)시카고 치즈 케익,372,25.45,8.18,26.36,16.36,1.31
케이크_(커피빈)초콜릿 무스 케익,373,28.33,5.0,26.67,17.5,0.41
케이크_(커피빈)티라미수 큐브,292,24.38,3.75,19.38,12.5,0.0
케이크_(커피에 반하다)뉴욕치즈 케이크,257,22.31,4.62,17.69,0.0,0.0
케이크_(커피에 반하다)돌체티라미수 케이크,274,23.08,4.62,17.69,0.0,0.0
케이크_(커피에 반하다)딸기 크레이프 케이크,223,24.76,2.86,13.33,0.0,0.0
케이크_(커피에 반하다)레드벨벳 케이크,503,46.67,6.67,33.33,0.0,0.0
케이크_(커피에 반하다)밀크 크레이프 케이크,225,24.0,3.0,15.0,0.0,0.0
케이크_(커피에 반하다)블루베리 요거트 케이크,261,47.78,2.22,12.22,0.0,0.0
케이크_(커피에 반하다)블루베리 크레이프 케이크,225,25.71,2.86,13.33,0.0,0.0
케이크_(커피에 반하다)수플레치즈 케이크,274,24.71,5.88,16.47,0.0,0.0
케이크_(커피에 반하다)스윗밀크 롤케이크,232,24.21,5.26,13.68,0.0,0.0
케이크_(커피에 반하다)오레오크림치즈 케이크,304,28.18,3.64,19.09,0.0,0.0
케이크_(커피에 반하다)초코무스 케이크,320,31.76,3.53,20.0,0.0,0.0
케이크_(커피에 반하다)초코티라미수 케이크,322,23.53,4.71,23.53,0.0,0.0
타르트_(커피빈)까망베르 치즈 타르트,304,31.76,7.06,16.47,10.59,0.47
피자_(고피자)고구마피자,243,32.01,9.69,8.44,3.53,0.0
피자_(고피자)고르곤졸라피자,303,34.19,15.29,11.83,7.12,0.0
피자_(고피자)나폴리슈림프피자,216,29.23,10.85,6.03,1.81,0.0
피자_(고피자)베이컨포테이토피자,256,31.34,11.58,9.31,3.97,0.0
피자_(고피자)부라타치즈피자,247,29.09,12.05,9.14,4.05,0.0
피자_(고피자)불고기피자,258,29.95,11.9,10.16,5.16,0.0
피자_(고피자)슈퍼콤비네이션피자,245,30.86,10.79,8.75,4.03,0.0
피자_(고피자)클래식치즈피자,284,32.22,15.51,10.2,4.27,0.0
피자_(고피자)페퍼로니,279,31.34,13.23,11.14,4.97,0.0
피자_(고피자)페퍼로니매니아피자,288,30.15,13.47,12.71,5.61,0.0
피자_(고피자)하와이안피자,230,30.86,11.33,6.8,3.14,0.0
피자_(피자헤븐)1988 피자 BL,256,33.15,11.05,8.84,3.31,0.0
피자_(피자헤븐)1988 피자 L,255,32.69,10.9,8.97,3.4,0.0
피자_(피자헤븐)1988 피자 M,255,33.33,10.87,8.7,3.41,0.0
피자_(피자헤븐)고구마스위트 피자 BL,278,35.63,9.2,10.92,4.02,0.0
피자_(피자헤븐)고구마스위트 피자 L,277,36.0,9.33,10.67,4.07,0.0
피자_(피자헤븐)고구마스위트 피자 M,280,35.77,9.49,10.95,4.01,0.0
피자_(피자헤븐)그릴드포크벨리  피자M,249,31.11,11.11,8.89,4.0,0.0
피자_(피자헤븐)그릴드포크벨리 피자 BL,253,31.64,11.3,9.04,3.95,0.0
피자_(피자헤븐)그릴드포크벨리 피자 L,251,31.17,11.04,9.09,3.96,0.0
피자_(피자헤븐)눈꽃치즈스테이크 피자 BL,240,25.77,13.4,9.28,4.64,0.0
피자_(피자헤븐)눈꽃치즈스테이크 피자 L,237,25.88,13.53,8.82,4.35,0.0
피자_(피자헤븐)눈꽃치즈스테이크 피자 M,237,25.85,13.61,8.84,4.35,0.0
피자_(피자헤븐)대만감자 피자 BL,235,30.0,10.0,8.33,3.89,0.0
피자_(피자헤븐)대만감자 피자 L,235,30.32,9.68,8.39,3.87,0.0
피자_(피자헤븐)대만감자 피자 M,234,30.43,10.14,7.97,2.75,0.0
피자_(피자헤븐)더블치즈 피자 BL,289,36.36,13.64,9.85,6.06,0.0
피자_(피자헤븐)더블치즈 피자 L,290,36.36,13.64,10.0,6.36,0.0
피자_(피자헤븐)더블치즈 피자 M,296,36.73,14.29,10.2,4.49,0.0
피자_(피자헤븐)더블치즈베이컨 피자 BL,278,31.76,14.86,10.14,4.73,0.0
피자_(피자헤븐)더블치즈베이컨 피자 L,280,31.75,15.08,10.32,4.76,0.0
피자_(피자헤븐)더블치즈베이컨 피자 M,285,32.43,14.41,10.81,3.69,0.0
피자_(피자헤븐)더블포테이토 피자 BL,247,30.32,11.17,9.04,3.19,0.0
피자_(피자헤븐)더블포테이토 피자 L,250,30.67,11.04,9.2,3.37,0.0
피자_(피자헤븐)더블포테이토 피자 M,249,30.28,11.27,9.15,3.38,0.0
피자_(피자헤븐)레드핫치킨 피자 BL,251,31.18,12.94,8.24,3.53,0.0
피자_(피자헤븐)레드핫치킨 피자 L,249,30.82,13.01,8.22,3.42,0.0
피자_(피자헤븐)레드핫치킨 피자 M,245,30.77,13.08,7.69,3.38,0.0
피자_(피자헤븐)불고기 피자 BL,249,29.11,14.56,8.23,4.43,0.0
피자_(피자헤븐)불고기 피자 L,248,28.89,14.81,8.15,4.44,0.0
피자_(피자헤븐)불고기 피자 M,249,28.81,14.41,8.47,3.31,0.0
피자_(피자헤븐)사대천왕 피자 BL,247,30.54,13.77,7.78,3.59,0.0
피자_(피자헤븐)사대천왕 피자 L,250,30.94,13.67,7.91,3.6,0.0
피자_(피자헤븐)쉬림프디럭스 피자 BL,223,30.86,11.11,6.17,2.47,0.0
피자_(피자헤븐)쉬림프디럭스 피자 L,227,31.16,10.87,6.52,2.75,0.0
피자_(피자헤븐)쉬림프디럭스 피자 M,225,30.58,10.74,6.61,2.81,0.0
피자_(피자헤븐)슈퍼슈프림 피자 BL,258,32.08,12.58,8.81,3.77,0.0
피자_(피자헤븐)슈퍼슈프림 피자 L,263,32.84,12.69,8.96,3.66,0.0
피자_(피자헤븐)슈퍼슈프림 피자 M,257,32.77,12.61,8.4,2.69,0.0
피자_(피자헤븐)아메리칸스페셜 피자 BL,277,30.82,14.47,10.69,4.4,0.0
피자_(피자헤븐)아메리칸스페셜 피자 L,281,31.11,14.07,11.11,4.52,0.0
피자_(피자헤븐)아메리칸스페셜 피자 M,277,30.89,14.63,10.57,4.47,0.0
피자_(피자헤븐)치킨바베큐 피자 BL,247,28.48,18.18,6.67,3.03,0.0
피자_(피자헤븐)치킨바베큐 피자 L,249,28.17,18.31,7.04,3.31,0.0
피자_(피자헤븐)치킨바베큐 피자 M,246,28.69,18.03,6.56,3.28,0.0
피자_(피자헤븐)페퍼로니 피자 BL,297,35.43,15.75,10.24,4.72,0.0
피자_(피자헤븐)페퍼로니 피자 L,289,34.91,16.04,9.43,4.62,0.0
피자_(피자헤븐)페퍼로니 피자 M,290,35.11,15.96,9.57,3.51,0.0
피자_(피자헤븐)포테이토 피자 BL,241,28.65,10.53,9.36,3.51,0.0
피자_(피자헤븐)포테이토 피자 L,244,28.57,10.88,9.52,3.4,0.0
피자_(피자헤븐)포테이토 피자 M,243,28.35,11.02,9.45,2.6,0.0
피자_(피자헤븐)프랑크필레 피자 BL,257,31.46,11.24,9.55,3.93,0.0
피자_(피자헤븐)프랑크필레 피자 L,259,31.13,11.26,9.93,4.04,0.0
피자_(피자헤븐)프랑크필레 피자 M,259,31.58,11.28,9.77,4.06,0.0
피자_(피자헤븐)하와이안 피자 BL,268,31.39,17.52,8.03,3.65,0.0
피자_(피자헤븐)하와이안 피자 L,271,31.03,17.24,8.62,3.97,0.0
피자_(피자헤븐)하와이안 피자 M,274,31.73,17.31,8.65,2.98,0.0
피자_(피자헤븐)핫앤스파이시 피자 BL,267,31.52,12.12,10.3,4.24,0.0
피자_(피자헤븐)핫앤스파이시 피자 L,264,31.43,12.14,10.0,4.43,0.0
피자_(피자헤븐)핫앤스파이시 피자 M,264,31.4,12.4,9.92,4.46,0.0
피자_(피자헤븐)헤븐스페셜 피자 BL,271,33.33,13.33,9.33,4.0,0.0
피자_(피자헤븐)헤븐스페셜 피자 L,273,33.33,13.49,9.52,3.81,0.0
피자_(피자헤븐)헤븐스페셜 피자 M,270,33.93,13.39,8.93,3.84,0.0
피자_(피자헤븐)황제천왕 피자 BL,251,27.37,11.58,10.53,4.21,0.0
피자_(피자헤븐)황제천왕 피자 L,253,27.5,11.88,10.63,4.31,0.0
핫도그_(눈치떡)핫도그,309,30.0,9.0,17.0,7.0,0.0
핫도그_(못난이꽈배기)못난이찹쌀모짜렐라치즈핫도그,280,35.79,9.26,11.05,2.95,0.0
핫도그_(커피에 반하다)오리지널 핫도그 매콤치즈,261,27.5,5.83,25.83,0.0,0.0
핫도그_(커피에 반하다)오리지널 핫도그 치즈,264,28.33,5.83,14.17,0.0,0.0
허니브레드_(커피에 반하다)허니버터브레드,416,22.11,8.42,10.53,0.0,0.0
군만두_(눈치떡)군만두,293,24.44,8.89,17.78,6.11,0.0
군만두_(눈치떡)야끼만두,315,40.0,5.0,15.0,2.63,0.0
기타_(꾸브라꼬 숯불두마리 치킨)우동사리,185,40.0,3.71,1.26,0.31,0.0
수제비_(삼삼한밥상(Ⅶ))얼큰 콩나물 수제비,69,14.4,2.72,0.03,0.0,0.0
스파게티_(고피자)까브로나라파스타,167,20.64,4.34,7.26,5.11,0.0
스파게티_(고피자)미트소스파스타,147,21.33,5.35,4.45,1.21,0.0
스파게티_(고피자)알리오올리오파스타,154,24.9,4.1,4.46,0.72,0.0
스파게티_(고피자)토마토파스타,105,20.84,4.06,0.7,0.12,0.0
스파게티_(피자헤븐)까르보나라,156,18.75,6.25,7.19,5.31,0.0
스파게티_(피자헤븐)매운까르보나라,161,22.22,5.56,7.78,5.56,0.0
스파게티_(피자헤븐)볼로네즈,161,19.44,8.33,4.72,2.22,0.0
스파게티_(피자헤븐)불닭까르보나라,138,19.05,4.76,6.67,4.76,0.0
스파게티_(피자헤븐)치킨까르보나라,181,19.05,4.76,7.62,5.71,0.0
스파게티_(피자헤븐)포모도로,111,18.92,2.7,1.62,0.0,0.0
오븐 스파게티_(눈치떡)볼로네즈 스파게티,143,19.53,7.44,3.95,1.86,0.0
스프_(삼삼한밥상(Ⅶ))퀴노아팥수프,154,10.0,2.27,11.7,0.0,0.0
닭곰탕_(삼삼한밥상(Ⅶ))닭곰탕,27,1.25,5.32,0.04,0.0,0.0
들깨탕_(삼삼한밥상(Ⅶ))코다리 뿌리채소 들깨탕,27,1.05,4.25,0.63,0.0,0.0
무국_(삼삼한밥상(Ⅶ))쇠고기 무국,16,1.19,2.26,0.27,0.0,0.0
미소된장국_(삼삼한밥상(Ⅶ))미역 미소국,6,0.97,0.46,0.02,0.0,0.0
미소된장국_(삼삼한밥상(Ⅶ))토마토 미소된장국,24,2.7,1.75,0.68,0.0,0.0
미역국_(삼삼한밥상(Ⅶ))바지락 미역국,19,1.44,2.81,0.2,0.0,0.0
바지락국_(삼삼한밥상(Ⅶ))바지락맑은국,19,3.14,1.59,0.01,0.0,0.0
배추국_(삼삼한밥상(Ⅶ))홍합 배춧국,10,0.89,0.84,0.3,0.0,0.0
북어국_(삼삼한밥상(Ⅶ))북어 무국,19,1.44,2.81,0.2,0.0,0.0
토란국_(삼삼한밥상(Ⅶ))쇠고기 들깨 알토란탕,49,5.86,2.55,1.74,0.0,0.0
달걀찜_(삼삼한밥상(Ⅶ))토마토 채소 계란찜,135,2.96,8.65,9.8,0.0,0.0
두부찜_(삼삼한밥상(Ⅶ))닭가슴살 두부선,105,1.26,16.0,3.98,0.0,0.0
보쌈/수육_(삼삼한밥상(Ⅶ))돈수육 & 해물냉채,178,4.09,15.7,11.0,0.0,0.0
닭튀김(치킨)_(꾸브라꼬 숯불두마리 치킨)간장치킨 뼈닭,289,14.0,20.0,17.0,3.7,0.0
닭튀김(치킨)_(꾸브라꼬 숯불두마리 치킨)간장치킨 순살,320,18.0,17.0,20.0,4.2,0.0
닭튀김(치킨)_(꾸브라꼬 숯불두마리 치킨)숯불데리야끼치킨 뼈닭,246,13.0,26.0,10.0,3.1,0.0
닭튀김(치킨)_(꾸브라꼬 숯불두마리 치킨)숯불데리야끼치킨 순살,233,13.0,25.0,9.0,2.9,0.0
닭튀김(치킨)_(꾸브라꼬 숯불두마리 치킨)숯불양념구이치킨 뼈닭,211,13.0,24.0,7.0,2.2,0.0
닭튀김(치킨)_(꾸브라꼬 숯불두마리 치킨)숯불양념구이치킨 순살,228,17.0,22.0,8.0,2.9,0.0
닭튀김(치킨)_(꾸브라꼬 숯불두마리 치킨)양념치킨 뼈닭,300,22.0,17.0,16.0,3.0,0.0
닭튀김(치킨)_(꾸브라꼬 숯불두마리 치킨)양념치킨 순살,297,33.0,12.0,13.0,2.9,0.0
닭튀김(치킨)_(꾸브라꼬 숯불두마리 치킨)후라이드치킨 뼈닭,341,8.0,21.0,25.0,6.0,0.0
닭튀김(치킨)_(꾸브라꼬 숯불두마리 치킨)후라이드치킨 순살,341,10.0,20.0,25.0,5.0,0.0
두부구이_(삼삼한밥상(Ⅶ))두부구이 & 버섯소스,140,4.38,10.8,8.83,0.0,0.0
떡갈비_(삼삼한밥상(Ⅶ))퓨전떡갈비,230,29.11,14.8,6.09,0.0,0.0
함박스테이크_(삼삼한밥상(Ⅶ))참치 두부 함박스테이크,201,21.6,7.41,9.41,0.0,0.0
함박스테이크_(삼삼한밥상(Ⅶ))함박스테이크 & 토마토카레소스,88,10.2,6.53,2.39,0.0,0.0
단호박전_(삼삼한밥상(Ⅶ))단호박 마전,188,25.51,3.89,7.85,0.0,0.0
달걀말이_(삼삼한밥상(Ⅶ))일본식 계란말이,163,10.2,11.71,8.35,0.0,0.0
모듬전_(삼삼한밥상(Ⅶ))알록달록화전 & 멸치두부전,228,37.4,7.18,5.46,0.0,0.0
완자전_(삼삼한밥상(Ⅶ))두부해물완자,153,14.7,8.14,6.83,0.0,0.0
화전_(삼삼한밥상(Ⅶ))삼색 꽃 화전,309,43.0,4.06,13.4,0.0,0.0
김치볶음_(삼삼한밥상(Ⅶ))김치양배추볶음,73,5.85,1.89,4.66,0.0,0.0
돼지고기볶음_(삼삼한밥상(Ⅶ))돈불고기 파인애플볶음,153,7.64,12.2,8.18,0.0,0.0
떡볶이_(눈치떡)눈꽃치즈 떡볶이 대,144,20.0,7.0,4.0,2.0,0.0
떡볶이_(눈치떡)눈꽃치즈 떡볶이 소,144,20.0,7.0,4.0,2.0,0.0
떡볶이_(눈치떡)매운 짜장 떡볶이 대,166,32.0,5.0,2.0,1.0,0.0
떡볶이_(눈치떡)매운 짜장 떡볶이 소,166,32.0,5.0,2.0,1.0,0.0
떡볶이_(눈치떡)청양 국물 떡볶이 대,155,27.0,5.0,3.0,1.0,0.0
떡볶이_(눈치떡)청양 국물 떡볶이 소,155,27.0,5.0,3.0,1.0,0.0
떡볶이_(눈치떡)청양 오뎅 떡볶이 대,131,21.0,5.0,3.0,1.0,0.0
떡볶이_(눈치떡)청양 오뎅 떡볶이 소,131,21.0,5.0,3.0,1.0,0.0
떡볶이_(피자헤븐)치즈떡볶이,175,32.14,3.57,2.5,0.0,0.0
버섯볶음_(삼삼한밥상(Ⅶ))만가닥버섯볶음,59,7.7,3.74,1.47,0.0,0.0
브로콜리볶음_(삼삼한밥상(Ⅶ))브로콜리견과류볶음,206,9.62,5.51,16.2,0.0,0.0
잡채_(삼삼한밥상(Ⅶ))유부 우엉 잡채,214,15.89,5.95,14.11,0.0,0.0
감자조림_(삼삼한밥상(Ⅶ))곤약 감자조림,62,14.39,1.05,0.02,0.0,0.0
감자튀김_(고피자)감자튀김,275,42.5,3.75,10.0,1.25,0.0
감자튀김_(꾸브라꼬 숯불두마리 치킨)양념감자튀김,314,42.5,5.0,13.75,2.13,0.0
게맛살튀김_(꾸브라꼬 숯불두마리 치킨)게살튀김,280,21.9,9.52,17.14,2.95,0.0
고구마튀김_(눈치떡)고구마 튀김,267,37.5,2.92,11.67,2.04,0.0
김말이튀김_(꾸브라꼬 숯불두마리 치킨)김말이튀김,237,33.33,3.33,10.0,1.5,0.0
김말이튀김_(눈치떡)고추김말이 튀김,239,32.0,3.0,11.0,1.9,0.0
김말이튀김_(눈치떡)통김말이 튀김,207,29.09,2.27,9.09,1.59,0.0
닭튀김_(고피자)버팔로윙오리지날,244,5.23,20.54,15.2,2.8,0.0
닭튀김_(고피자)치킨텐더,246,17.54,18.61,11.28,1.97,0.0
닭튀김_(삼삼한밥상(Ⅶ))유린기,151,4.84,13.2,8.77,0.0,0.0
떡튀김_(꾸브라꼬 숯불두마리 치킨)떡튀김,258,47.73,4.55,5.45,1.0,0.0
모듬튀김_(고피자)순살치킨앤프라이,270,28.82,10.91,12.52,2.2,0.0
삼치튀김_(삼삼한밥상(Ⅶ))삼치튀김 & 타르타르소스,261,3.15,17.11,20.0,0.0,0.0
새우튀김_(꾸브라꼬 숯불두마리 치킨)새우링튀김,312,25.0,11.67,18.33,3.5,0.0
어묵튀김_(눈치떡)오뎅 튀김,253,32.22,11.11,8.89,1.56,0.0
어묵튀김_(눈치떡)잡채말이어묵 튀김,197,24.57,8.0,7.43,1.83,0.0
채소튀김_(눈치떡)야채 튀김,279,37.14,3.57,12.86,2.29,0.0
치즈_(고피자)치즈스틱,307,24.6,15.48,16.87,3.93,0.0
치즈_(꾸브라꼬 숯불두마리 치킨)치즈스틱,323,31.67,11.67,16.67,5.5,0.0
치즈_(눈치떡)치즈스틱,347,28.33,13.33,20.0,7.0,0.0
탕수육_(삼삼한밥상(Ⅶ))과일먹은 닭탕수,163,17.7,7.92,6.69,0.0,0.0
탕수육_(삼삼한밥상(Ⅶ))단호박 생선탕수 & 키위소스,120,14.1,3.97,5.32,0.0,0.0
탕수육_(삼삼한밥상(Ⅶ))쇠고기 가라아게 & 칠리소스,187,14.4,13.7,8.33,0.0,0.0
고구마줄기나물_(삼삼한밥상(Ⅶ))고구마순나물,143,6.09,4.54,11.4,0.0,0.0
락교무침_(삼삼한밥상(Ⅶ))매운 락교무침,54,11.79,1.01,0.26,0.0,0.0
비름나물_(삼삼한밥상(Ⅶ))비름나물 된장무침,70,7.14,3.46,3.11,0.0,0.0
삼색나물(토마토양념장)_(삼삼한밥상(Ⅶ))삼색나물 & 토마토양념장,86,13.6,4.07,1.67,0.0,0.0
아욱나물_(삼삼한밥상(Ⅶ))아욱 된장무침,49,5.04,3.91,1.48,0.0,0.0
톳나물_(삼삼한밥상(Ⅶ))톳나물 두부무침,84,1.8,7.14,5.4,0.0,0.0
감자샐러드_(삼삼한밥상(Ⅶ))마늘칩 감자샐러드,146,18.51,2.16,7.0,0.0,0.0
감자샐러드_(삼삼한밥상(Ⅶ))완두콩과 당근을 넣은 감자요거트샐러드,82,15.51,2.98,0.91,0.0,0.0
단호박샐러드_(삼삼한밥상(Ⅶ))단호박견과류샐러드,144,22.8,4.16,4.01,0.0,0.0
샐러드_(삼삼한밥상(Ⅶ))연근샐러드 & 흑임자소스,144,19.1,3.45,5.95,0.0,0.0
샐러드_(삼삼한밥상(Ⅶ))치즈두부샐러드,160,12.11,9.54,8.17,0.0,0.0
샐러드_(삼삼한밥상(Ⅶ))코울슬로샐러드,79,7.45,1.24,4.86,0.0,0.0
옥수수샐러드_(눈치떡)콘 샐러드,121,17.0,2.0,5.0,0.9,0.0
겉절이_(삼삼한밥상(Ⅶ))무염 겉절이,37,7.91,1.41,0.03,0.0,0.0
겉절이_(삼삼한밥상(Ⅶ))저염 겉절이,40,6.21,2.18,0.7,0.0,0.0
고구마 김치_(삼삼한밥상(Ⅶ))고구마 김치,155,36.19,1.47,0.44,0.0,0.0
무말랭이 김치_(삼삼한밥상(Ⅶ))무말랭이 김치,31,7.31,0.4,0.0,0.0,0.0
물김치_(삼삼한밥상(Ⅶ))비타 오이 물김치,24,5.44,0.62,0.04,0.0,0.0
배 깍두기_(삼삼한밥상(Ⅶ))배 깍두기,57,11.3,1.29,0.7,0.0,0.0
콜라비 깍두기_(삼삼한밥상(Ⅶ))콜라비 깍두기,65,9.71,3.29,1.4,0.0,0.0
초절임_(삼삼한밥상(Ⅶ))양파홍초절임,71,15.8,0.69,0.58,0.0,0.0
초절임_(삼삼한밥상(Ⅶ))유부초절임,93,16.51,3.92,1.24,0.0,0.0
피클_(삼삼한밥상(Ⅶ))모둠야채 수제피클,154,37.8,0.33,0.17,0.0,0.0
아이스크림_(스트릿츄러스)밀크아이스크림,113,20.0,2.5,2.92,1.92,0.0
아이스크림_(스트릿츄러스)아츄,173,27.5,3.13,5.63,1.56,0.0
아이스크림_(스트릿츄러스)초코아이스크림,152,24.0,3.2,4.8,3.76,0.0
아이스크림_(스트릿츄러스)초코아츄,201,30.3,3.64,7.27,1.52,0.0
아이스크림_(스트릿츄러스)흑당아이스크림,162,34.19,1.94,1.74,1.1,0.0
아이스크림_(스트릿츄러스)흑당아츄,202,37.44,2.56,4.62,1.28,0.0
과·채주스_(카페 봄봄)딸기바나나,59,11.4,1.01,1.05,0.66,0.03
과·채주스_(카페 봄봄)망고바나나,67,13.6,1.06,0.93,0.53,0.02
과·채주스_(카페 봄봄)망고주스,29,6.46,0.09,0.35,0.32,0.0
과·채주스_(카페 봄봄)초코바나나,63,11.4,1.45,1.28,0.8,0.03
과·채주스_(커피에 반하다)건강주스 레몬피부,76,17.65,0.0,0.59,0.0,0.0
과·채주스_(커피에 반하다)건강주스 생강면역,73,17.65,0.0,0.29,0.0,0.0
과·채주스_(커피에 반하다)건강주스 유자활력,67,15.29,0.0,0.59,0.0,0.0
과·채주스_(탐앤탐스)딸기주스grande,61,15.41,0.28,0.08,0.01,0.0
기타음료류_(스트릿츄러스)레몬티,40,9.69,0.16,0.0,0.0,0.0
기타음료류_(스트릿츄러스)베리베리티 아이스(ICED),69,17.14,0.2,0.0,0.0,0.0
기타음료류_(스트릿츄러스)베리베리티 핫(HOT),82,20.41,0.2,0.0,0.0,0.0
기타음료류_(카페 봄봄)꿀자몽티,58,14.3,0.13,0.07,0.02,0.0
기타음료류_(카페 봄봄)레몬티,47,11.0,0.52,0.05,0.03,0.0
기타음료류_(카페 봄봄)복숭아아이스티,51,12.4,0.06,0.08,0.03,0.0
라떼_(스트릿츄러스)바닐라라떼,77,10.1,2.83,2.83,1.82,0.0
라떼_(스트릿츄러스)카페라떼,56,4.95,2.8,2.8,1.72,0.0
라떼_(카페 봄봄)고구마라떼,74,13.4,1.24,1.68,1.11,0.06
라떼_(카페 봄봄)녹차라떼,57,9.61,1.59,1.4,0.92,0.05
라떼_(카페 봄봄)더치 라떼,21,2.16,1.01,0.88,0.6,0.02
라떼_(카페 봄봄)딸기라떼,65,9.87,1.36,2.21,1.4,0.67
라떼_(카페 봄봄)바닐라 라떼,41,5.46,1.29,1.52,1.08,0.05
라떼_(카페 봄봄)오곡라떼,65,9.79,1.65,2.15,1.23,0.58
라떼_(카페 봄봄)초코라떼,65,10.8,1.46,1.79,1.17,0.05
라떼_(카페 봄봄)카페라떼,18,1.92,1.07,0.63,0.42,0.02
라떼_(카페 봄봄)헤이즐넛 라떼,21,1.72,1.17,1.06,0.69,0.03
라떼_(커피에 반하다)검은콩라떼,79,9.86,0.0,3.38,0.0,0.0
라떼_(커피에 반하다)고구마라떼,79,11.18,0.0,2.65,0.0,0.0
라떼_(커피에 반하다)그린티도피오라떼,93,15.0,0.0,2.65,0.0,0.0
라떼_(커피에 반하다)그린티라떼,85,11.76,0.0,2.94,0.0,0.0
라떼_(커피에 반하다)단호박라떼,67,7.89,0.0,2.82,0.0,0.0
라떼_(커피에 반하다)민트초코라떼,89,30.29,0.0,3.82,0.0,0.0
라떼_(커피에 반하다)밤라떼,87,13.82,0.0,2.65,0.0,0.0
라떼_(커피에 반하다)아이스 검은콩라떼(ICED),74,9.71,0.0,2.94,0.0,0.0
라떼_(커피에 반하다)아이스 고구마라떼(ICED),75,10.88,0.0,2.65,0.0,0.0
라떼_(커피에 반하다)아이스 그린티도피오라떼(ICED),57,9.42,0.0,1.69,0.0,0.0
라떼_(커피에 반하다)아이스 그린티라떼(ICED),76,11.18,0.0,2.65,0.0,0.0
라떼_(커피에 반하다)아이스 단호박라떼(ICED),66,7.94,0.0,2.94,0.0,0.0
라떼_(커피에 반하다)아이스 민트초코라떼(ICED),81,29.71,0.0,3.24,0.0,0.0
라떼_(커피에 반하다)아이스 밤라떼(ICED),84,13.53,0.0,2.35,0.0,0.0
라떼_(커피에 반하다)아이스 아몬드코코넛라떼(ICED),70,7.35,0.0,3.53,0.0,0.0
라떼_(커피에 반하다)아이스 초코라떼(ICED),78,11.18,0.0,2.65,0.0,0.0
라떼_(커피에 반하다)아이스 초코바나나라떼(ICED),68,7.06,0.0,3.24,0.0,0.0
라떼_(커피에 반하다)초코라떼,86,11.76,0.0,2.94,0.0,0.0
라떼_(커피에 반하다)초코바나나라떼,72,7.35,0.0,3.53,0.0,0.0
라떼_(탐앤탐스)군고구마 라떼 tall  아이스(ICED),61,8.42,1.71,2.34,1.5,0.0
라떼_(탐앤탐스)군고구마 라떼 tall  핫(HOT),84,10.41,2.65,3.6,2.29,0.0
라떼_(탐앤탐스)그린민트 초콜릿 grande  아이스(ICED),125,46.76,2.47,6.33,4.37,0.0
라떼_(탐앤탐스)그린민트 초콜릿 grande  핫(HOT),110,42.14,2.58,5.15,3.33,0.0
라떼_(탐앤탐스)그린민트 초콜릿 tall  아이스(ICED),100,30.79,2.02,5.03,3.41,0.0
라떼_(탐앤탐스)그린민트 초콜릿 tall  핫(HOT),117,34.1,2.79,5.82,3.83,0.0
라떼_(탐앤탐스)그린민트 초콜릿 venti  아이스(ICED),97,43.99,1.89,4.55,3.06,0.0
라떼_(탐앤탐스)그린민트 초콜릿 venti  핫(HOT),106,45.11,2.62,4.78,3.01,0.0
라떼_(토프레소)녹차라떼,95,15.09,2.91,2.49,0.0,0.0
라떼_(토프레소)녹차라떼 아이스(ICED),95,15.09,2.91,2.49,0.0,0.0
미숫가루(선식)음료_(커피에 반하다)냉 미숫가루,101,18.14,0.0,2.27,0.0,0.0
밀크티/버블티_(스트릿츄러스)흑당밀크,100,15.85,2.68,2.93,1.71,0.0
밀크티/버블티_(스트릿츄러스)흑당밀크티,103,16.29,2.47,3.09,1.65,0.0
밀크티/버블티_(탐앤탐스)로얄 밀크티 grande  아이스(ICED),95,14.26,1.71,3.53,2.5,0.0
밀크티/버블티_(탐앤탐스)로얄 밀크티 grande  핫(HOT),82,12.5,1.41,2.98,2.13,0.0
밀크티/버블티_(탐앤탐스)로얄 밀크티 tall  아이스(ICED),86,13.35,1.38,3.05,2.19,0.0
밀크티/버블티_(탐앤탐스)로얄 밀크티 tall  핫(HOT),92,14.36,1.49,3.28,2.36,0.0
밀크티/버블티_(탐앤탐스)로얄 밀크티 venti  아이스(ICED),75,11.11,1.39,2.81,1.99,0.0
밀크티/버블티_(탐앤탐스)로얄 밀크티 venti  핫(HOT),73,10.96,1.3,2.7,1.91,0.0
스무디_(스트릿츄러스)밀크쉐이크,89,12.55,2.98,2.98,2.13,0.0
스무디_(스트릿츄러스)초코쉐이크,102,15.9,3.33,2.82,2.05,0.0
스무디_(카페 봄봄)녹차프라페,71,12.3,1.55,1.74,1.45,0.03
스무디_(카페 봄봄)딸기스무디,65,12.2,0.66,1.47,1.2,0.01
스무디_(카페 봄봄)딸기요거트,75,15.8,1.73,0.55,0.36,0.01
스무디_(카페 봄봄)망고스무디,58,12.2,0.75,0.7,0.45,0.02
스무디_(카페 봄봄)망고요거트,72,14.8,1.55,0.7,0.45,0.02
스무디_(카페 봄봄)모카프라페,97,12.1,1.49,4.75,3.9,0.09
스무디_(카페 봄봄)민트프라페,91,11.0,0.97,4.74,4.19,0.08
스무디_(카페 봄봄)쿠키프라페,104,14.3,1.53,4.55,3.43,0.04
스무디_(카페 봄봄)폭탄프라페,110,14.0,1.07,5.53,4.6,0.08
스무디_(카페 봄봄)플레인요거트,62,13.2,2.16,0.7,0.47,0.02
스무디_(커피에 반하다)그린티프라페,82,15.22,0.0,1.69,0.0,0.0
스무디_(커피에 반하다)딸기 요거트 스무디,109,20.88,0.0,1.76,0.0,0.0
스무디_(커피에 반하다)레몬 요거트 스무디,112,21.76,0.0,2.06,0.0,0.0
스무디_(커피에 반하다)리얼 과일스무디 딸기바나나,57,10.39,0.0,1.21,0.0,0.0
스무디_(커피에 반하다)리얼 과일스무디 망고,57,10.39,0.0,1.21,0.0,0.0
스무디_(커피에 반하다)모카 프라페,52,9.18,0.0,0.97,0.0,0.0
스무디_(커피에 반하다)민트초코 프라페,95,30.19,0.0,3.38,0.0,0.0
스무디_(커피에 반하다)블루베리 요거트 스무디,109,21.18,0.0,1.76,0.0,0.0
스무디_(커피에 반하다)요거트 스무디,100,18.24,0.0,2.06,0.0,0.0
스무디_(커피에 반하다)자바칩 프라페,95,14.98,0.0,3.86,0.0,0.0
스무디_(커피에 반하다)카라멜 프라페,51,9.18,0.0,0.97,0.0,0.0
스무디_(커피에 반하다)쿠앤크 프라페,98,13.29,0.0,4.11,0.0,0.0
스무디_(탐앤탐스)그린 티 탐앤치노 grande,89,15.77,1.4,2.27,1.51,0.0
스무디_(탐앤탐스)그린 티 탐앤치노 tall,85,15.1,1.25,2.17,1.47,0.0
스무디_(탐앤탐스)그린 티 탐앤치노 venti,69,12.24,1.14,1.76,1.15,0.0
스무디_(탐앤탐스)딸기 스무디 grande,94,20.81,0.59,0.93,0.5,0.0
스무디_(탐앤탐스)딸기 스무디 tall,90,19.9,0.6,0.93,0.5,0.0
스무디_(탐앤탐스)딸기 스무디 venti,77,17.28,0.44,0.7,0.37,0.0
스무디_(탐앤탐스)망고 스무디 grande,93,20.29,0.59,0.93,0.5,0.0
스무디_(탐앤탐스)망고 스무디 tall,89,19.4,0.6,0.93,0.5,0.0
스무디_(탐앤탐스)망고 스무디 venti,76,16.84,0.44,0.7,0.37,0.0
스무디_(탐앤탐스)바닐라 탐앤치노 grande,81,14.72,1.04,1.76,1.07,0.0
스무디_(탐앤탐스)바닐라 탐앤치노 tall,73,12.85,0.93,1.74,1.1,0.0
스무디_(탐앤탐스)바닐라 탐앤치노 venti,66,12.15,0.84,1.33,0.79,0.0
스무디_(탐앤탐스)자바 칩 탐앤치노 grande,117,19.45,2.0,3.51,2.29,0.0
스무디_(탐앤탐스)자바 칩 탐앤치노 tall,107,17.48,1.76,3.33,2.21,0.0
스무디_(탐앤탐스)자바 칩 탐앤치노 venti,92,15.6,1.63,2.65,1.69,0.0
스무디_(탐앤탐스)플레인 요거트 스무디 grande,85,15.52,2.27,1.57,0.88,0.0
스무디_(탐앤탐스)플레인 요거트 스무디 tall,75,13.75,1.98,1.35,0.76,0.0
스무디_(탐앤탐스)플레인 요거트 스무디 venti,68,12.55,1.78,1.19,0.66,0.0
에이드_(삼삼한밥상(Ⅶ))홍시에이드,42,10.2,0.18,0.02,0.0,0.0
에이드_(스트릿츄러스)레몬에이드,38,9.29,0.2,0.0,0.0,0.0
에이드_(스트릿츄러스)샤인머스켓에이드,54,13.4,0.2,0.0,0.0,0.0
에이드_(스트릿츄러스)자몽에이드,40,9.49,0.4,0.0,0.0,0.0
에이드_(카페 봄봄)라임에이드,42,10.4,0.02,0.05,0.0,0.0
에이드_(카페 봄봄)레몬에이드,40,9.83,0.07,0.08,0.03,0.0
에이드_(카페 봄봄)블루레몬에이드,45,11.1,0.06,0.07,0.02,0.0
에이드_(카페 봄봄)유자레이드,51,12.4,0.25,0.09,0.03,0.0
에이드_(카페 봄봄)자몽에이드,38,8.96,0.35,0.06,0.02,0.0
에이드_(카페 봄봄)청포도에이드,53,12.7,0.01,0.18,0.09,0.0
에이드_(카페 봄봄)체리콕,56,13.9,0.01,0.05,0.0,0.0
에이드_(카페 봄봄)폭탄에이드,44,10.7,0.11,0.06,0.0,0.0
에이드_(커피에 반하다)한라봉에이드,28,6.3,0.0,0.25,0.0,0.0
유자차_(카페 봄봄)유자티,56,13.7,0.13,0.07,0.02,0.0
커피_(스트릿츄러스)아메리카노,8,0.86,0.65,0.17,0.0,0.0
커피_(스트릿츄러스)카라멜마끼아또,83,13.27,2.31,2.31,1.54,0.0
커피_(스트릿츄러스)카페모카,114,18.76,3.3,2.89,1.86,0.0
커피_(카페 봄봄)더치 아메리카노,3,0.51,0.18,0.01,0.0,0.0
커피_(카페 봄봄)아메리카노,2,0.38,0.12,0.05,0.03,0.0
커피_(카페 봄봄)카라멜마끼아또,40,6.03,2.02,0.88,0.58,0.03
커피_(카페 봄봄)카페모카,39,6.37,0.86,1.11,0.87,0.04
커피_(카페 봄봄)카푸치노,23,2.46,1.34,0.86,0.57,0.03
커피_(카페 봄봄)헤이즐넛 아메리카노,2,0.31,0.17,0.01,0.0,0.0
커피_(커피빈)헤이즐넛 아메리카노,467,73.33,4.67,16.67,120.0,0.0
커피_(커피에 반하다)바닐라라떼,54,6.8,0.0,2.02,0.0,0.0
커피_(커피에 반하다)아메리카노,3,0.5,0.0,0.0,0.0,0.0
커피_(커피에 반하다)아이스 바닐라라떼(ICED),43,6.05,0.0,1.51,0.0,0.0
커피_(커피에 반하다)아이스 아메리카노(ICED),3,0.5,0.0,0.0,0.0,0.0
커피_(커피에 반하다)아이스 카라멜 마끼아또(ICED),2,29.22,0.0,8.56,0.0,0.0
커피_(커피에 반하다)아이스 카라멜라떼(ICED),43,4.03,0.0,1.51,0.0,0.0
커피_(커피에 반하다)아이스 카라멜모카(ICED),61,9.82,0.0,1.76,0.0,0.0
커피_(커피에 반하다)아이스 카페라떼(ICED),31,2.52,0.0,1.51,0.0,0.0
커피_(커피에 반하다)아이스 카페모카(ICED),70,4.79,0.0,1.76,0.0,0.0
커피_(커피에 반하다)아이스 카푸치노(ICED),28,2.27,0.0,1.26,0.0,0.0
커피_(커피에 반하다)아이스 콜드브루(ICED),2,0.25,0.0,0.0,0.0,0.0
커피_(커피에 반하다)아이스 콜드브루라떼(ICED),32,2.52,0.0,1.76,0.0,0.0
커피_(커피에 반하다)에스프레소,33,6.67,0.0,0.0,0.0,0.0
커피_(커피에 반하다)카라멜 마끼아또,64,9.32,0.0,2.27,0.0,0.0
커피_(커피에 반하다)카라멜라떼,54,4.79,0.0,2.02,0.0,0.0
커피_(커피에 반하다)카라멜모카,72,10.58,0.0,2.27,0.0,0.0
커피_(커피에 반하다)카페라떼,42,4.41,3.24,2.65,1.47,0.0
커피_(커피에 반하다)카페모카,81,12.34,0.0,2.27,0.0,0.0
커피_(커피에 반하다)카푸치노,40,3.53,0.0,2.02,0.0,0.0
커피_(커피에 반하다)코코프레소,72,9.07,0.0,3.27,0.0,0.0
커피_(커피에 반하다)콜드브루,2,0.25,0.0,0.0,0.0,0.0
커피_(커피에 반하다)콜드브루라떼,39,3.02,0.0,2.27,0.0,0.0
커피_(탐앤탐스)바닐라 라떼 grande  아이스(ICED),55,7.45,1.45,1.88,1.16,0.0
커피_(탐앤탐스)바닐라 라떼 grande  핫(HOT),62,7.61,1.88,2.46,1.52,0.0
커피_(탐앤탐스)바닐라 라떼 tall  아이스(ICED),41,5.55,1.03,1.34,0.82,0.0
커피_(탐앤탐스)바닐라 라떼 tall  핫(HOT),62,7.33,1.92,2.52,1.56,0.0
커피_(탐앤탐스)바닐라 라떼 venti  아이스(ICED),45,6.34,1.12,1.44,0.88,0.0
커피_(탐앤탐스)바닐라 라떼 venti  핫(HOT),63,7.66,1.91,2.5,1.54,0.0
커피_(탐앤탐스)카페라떼 grande  아이스(ICED),38,2.64,1.59,2.11,1.32,0.0
커피_(탐앤탐스)카페라떼 grande  핫(HOT),47,3.33,2.0,2.67,1.67,0.0
커피_(탐앤탐스)카페라떼 tall  아이스(ICED),28,1.89,1.13,1.51,0.94,0.0
커피_(탐앤탐스)카페라떼 tall  핫(HOT),48,3.39,2.03,2.71,1.69,0.0
커피_(탐앤탐스)카페라떼 venti  아이스(ICED),30,2.06,1.24,1.65,1.03,0.0
커피_(탐앤탐스)카페라떼 venti  핫(HOT),48,3.38,2.03,2.71,1.69,0.0
커피_(탐앤탐스)카페모카 grande  아이스(ICED),102,10.91,2.03,5.21,4.03,0.0
커피_(탐앤탐스)카페모카 grande  핫(HOT),93,10.52,2.37,4.39,3.17,0.0
커피_(탐앤탐스)카페모카 tall  아이스(ICED),81,93.09,1.64,4.06,3.12,0.0
커피_(탐앤탐스)카페모카 tall  핫(HOT),114,12.1,3.11,5.76,4.12,0.0
커피_(탐앤탐스)카페모카 venti  아이스(ICED),72,7.5,1.49,3.65,2.8,0.0
커피_(탐앤탐스)카페모카 venti  핫(HOT),76,9.18,1.85,3.32,2.4,0.0
커피_(탐앤탐스)카푸치노 grande  아이스(ICED),33,2.31,1.39,1.85,1.16,0.0
커피_(탐앤탐스)카푸치노 grande  핫(HOT),20,1.37,0.82,1.1,0.69,0.0
커피_(탐앤탐스)카푸치노 tall  아이스(ICED),23,1.51,0.91,1.21,0.76,0.0
커피_(탐앤탐스)카푸치노 tall  핫(HOT),17,1.08,0.65,0.87,0.54,0.0
커피_(탐앤탐스)카푸치노 venti  아이스(ICED),27,1.84,1.1,1.47,0.92,0.0
커피_(탐앤탐스)카푸치노 venti  핫(HOT),20,1.32,0.79,1.06,0.66,0.0
커피_(탐앤탐스)캬라멜 마끼아또 grande  아이스(ICED),60,8.79,1.51,1.93,1.19,0.0
커피_(탐앤탐스)캬라멜 마끼아또 grande  핫(HOT),60,8.11,1.68,2.18,1.35,0.0
커피_(탐앤탐스)캬라멜 마끼아또 tall  아이스(ICED),51,7.27,1.31,1.68,1.04,0.0
커피_(탐앤탐스)캬라멜 마끼아또 tall  핫(HOT),60,7.95,1.72,2.23,1.38,0.0
커피_(탐앤탐스)캬라멜 마끼아또 venti  아이스(ICED),49,7.23,1.15,1.47,0.9,0.0
커피_(탐앤탐스)캬라멜 마끼아또 venti  핫(HOT),61,7.96,1.72,2.23,1.38,0.0
커피_(탐앤탐스)헤이즐넛 라떼 grande  아이스(ICED),55,7.67,1.45,1.88,1.16,0.0
커피_(탐앤탐스)헤이즐넛 라떼 grande  핫(HOT),62,7.81,1.88,2.46,1.52,0.0
커피_(탐앤탐스)헤이즐넛 라떼 tall  아이스(ICED),369,5.72,1.03,1.34,0.82,0.0
커피_(탐앤탐스)헤이즐넛 라떼 tall  핫(HOT),63,7.51,1.92,2.52,1.56,0.0
커피_(탐앤탐스)헤이즐넛 라떼 venti  아이스(ICED),45,6.54,1.12,1.44,0.88,0.0
커피_(탐앤탐스)헤이즐넛 라떼 venti  핫(HOT),63,7.86,1.91,2.5,1.54,0.0
커피_(토프레소)바닐라 라떼,65,8.91,2.39,2.31,0.0,0.0
커피_(토프레소)바닐라 라떼 아이스(ICED),61,8.27,2.22,2.14,0.0,0.0
커피_(토프레소)카라멜 마끼아또,71,10.31,2.39,2.31,0.0,0.0
커피_(토프레소)카라멜 마끼아또 아이스(ICED),66,9.57,2.22,2.14,0.0,0.0
커피_(토프레소)카페모카,75,9.51,2.7,2.91,0.0,0.0
커피_(토프레소)카페모카 아이스(ICED),75,9.51,2.7,2.91,0.0,0.0
커피_(토프레소)헤이즐넛 라떼,66,8.49,2.6,2.39,0.0,0.0
커피_(토프레소)헤이즐넛 라떼 아이스(ICED),61,7.88,2.41,2.22,0.0,0.0
코코아_(스트릿츄러스)아이스초코 아이스(ICED),112,19.66,3.05,2.37,1.69,0.0
코코아_(스트릿츄러스)핫초코 핫(HOT),112,19.66,3.05,2.37,1.69,0.0
코코아_(카페 봄봄)민트크림초코,67,10.5,1.25,2.17,1.71,0.07
코코아_(카페 봄봄)폭탄초코,78,10.7,1.51,3.21,2.5,0.09
떡_(삼삼한밥상(Ⅶ))제주도 빙떡 & 귤간장소스,118,25.0,1.66,1.21,0.0,0.0
곤드레나물밥,149,28.26,2.94,2.71,0.26,0.0
국밥,52,7.33,3.45,1.03,0.34,0.03
국밥_소머리,79,2.2,9.5,3.6,0.0,0.0
국밥_쇠고기,47,6.09,3.11,1.16,0.33,0.01
김밥_김치,138,24.3,4.4,2.6,0.0,0.0
김밥_샐러드,162,24.58,3.85,5.41,1.12,0.02
김밥_쇠고기,160,25.01,6.39,3.85,1.01,0.04
김밥_참치,167,24.5,5.8,5.1,0.0,0.0
누룽지_뜨거운물첨가,69,15.06,1.32,0.1,0.04,0.0
덮밥_돼지고기(제육),156,23.1,6.0,4.4,0.0,0.0
덮밥_불고기,134,20.5,5.7,3.2,0.0,0.0
덮밥_송이,97,15.93,3.04,2.34,0.46,0.02
짜장밥,136,21.5,6.3,2.8,0.0,0.0
덮밥_유산슬,105,13.44,4.9,3.46,0.62,0.02
덮밥_장어,179,24.34,7.52,5.74,1.29,0.06
덮밥_참치,136,20.59,5.84,3.35,0.68,0.02
덮밥_해물,110,14.35,6.01,3.21,0.77,0.03
묵밥,68,13.54,1.56,0.81,0.16,0.0
볶음밥_삼선,172,21.44,6.56,6.62,1.58,0.04
볶음밥_김치,151,24.0,4.6,4.1,0.0,0.0
볶음밥_새우,175,28.2,4.5,4.9,0.0,0.0
볶음밥_오므라이스,162,25.0,4.8,4.8,0.0,0.0
볶음밥_해물,176,22.61,6.28,6.75,1.35,0.04
비빔밥,154,21.93,5.47,4.89,0.87,0.02
비빔밥_약초,128,20.05,2.98,3.98,0.6,0.03
비빕밤_멍게,137,22.68,4.15,3.28,0.6,0.03
삼각김밥_고추장불고기,165,34.11,3.66,1.58,0.45,0.01
삼각김밥_숯불갈비,161,32.55,4.0,1.67,0.53,0.02
삼각김밥_참치마요네즈,172,31.95,3.94,3.2,0.6,0.01
새우튀김롤,202,32.09,4.82,6.06,1.14,0.04
연어롤,170,24.77,6.19,5.13,0.94,0.03
연잎밥,207,47.0,4.0,0.3,0.0,0.0
오곡밥,156,32.93,4.78,0.52,0.17,0.0
자장밥,148,24.01,3.05,4.46,1.71,0.03
잡탕밥,104,13.99,5.88,2.68,0.54,0.02
주먹밥_멸치,208,36.2,6.0,4.4,0.73,0.0
초밥_광어,151,25.85,9.02,1.31,0.35,0.01
초밥_농어,159,31.5,6.97,0.53,0.26,0.01
초밥_모듬,154,25.48,8.47,2.02,0.5,0.01
초밥_문어,157,32.71,5.85,0.3,0.14,0.0
초밥_새우,155,31.37,6.72,0.3,0.22,0.0
초밥_연어,179,28.41,7.55,3.9,0.73,0.02
초밥_유부초밥,165,31.26,4.32,2.51,0.45,0.02
초밥_장어,195,32.27,6.61,4.33,1.16,0.04
충무김밥,146,27.29,5.86,1.49,0.27,0.01
캘리포니아롤,163,29.74,4.11,3.02,0.71,0.02
회덮밥,137,20.66,6.04,3.31,0.58,0.02
소보로빵,396,60.22,9.02,13.25,6.61,0.3
다식_송화,369,73.97,8.3,4.48,0.89,0.01
도넛_찹쌀,296,57.07,5.04,5.26,2.79,0.06
만주,318,66.86,7.33,2.34,1.3,0.06
매작과,413,66.11,7.51,13.15,2.35,0.1
버터크림빵,383,46.23,8.18,18.41,14.06,0.46
산자,366,82.17,2.31,3.09,0.09,0.0
샌드위치_닭고기,250,20.89,16.28,11.19,2.12,0.03
샌드위치_생선,257,26.69,10.29,12.45,1.95,0.08
샌드위치_소고기,244,22.21,15.17,10.3,3.4,0.39
샌드위치_참치,222,14.6,9.32,14.04,2.84,0.12
샌드위치_햄_치즈,218,24.8,7.4,9.9,0.0,0.0
샌드위치_햄_치즈_채소,214,21.55,8.66,10.38,3.1,0.19
약과,399,84.89,4.2,4.75,1.22,0.04
유과,424,74.23,2.81,12.83,1.37,0.04
케이크_초콜릿케이크,420,43.6,5.31,24.96,14.39,0.38
케이크_치즈케이크,329,28.64,7.23,20.63,10.99,0.61
크로켓_채소,301,31.19,7.13,16.38,3.59,0.15
페이스트리,457,46.45,8.56,26.28,17.24,0.84
피자_불고기피자,253,30.6,13.7,8.35,4.65,0.2
피자_치즈피자,277,35.6,15.7,7.9,5.75,0.2
피자_페퍼로니피자,266,35.15,14.7,7.4,5.45,0.2
피자_포테이토피자,251,28.64,11.2,10.2,4.12,0.12
햄버거_소고기패티,271,35.76,11.94,8.94,4.21,0.33
햄버거_소고기패티_토마토_양상추,229,18.01,9.55,13.23,4.46,0.19
간자장,127,20.65,3.44,3.39,1.49,0.04
국수_김치말이국수,50,8.67,2.15,0.8,0.18,0.0
국수_막국수,57,10.98,2.0,0.58,0.1,0.0
국수_열무김치,54,8.7,1.88,1.28,0.08,0.01
기스면,61,8.98,3.78,1.07,0.21,0.0
냉면_열무냉면,66,12.19,2.61,0.72,0.17,0.0
냉면_회냉면,114,22.2,3.2,1.4,0.0,0.0
떡만두국,89,15.82,2.87,1.62,0.49,0.01
라면_국물,19,2.08,0.44,0.96,0.45,0.01
라면_김치,85,13.26,2.12,2.6,1.05,0.02
라면_면,174,29.79,3.89,4.37,2.01,0.04
라면_비빔라면,189,31.01,3.38,5.67,2.51,0.03
라면_용기면,101,16.58,1.89,2.99,1.39,0.02
우동_중식,65,8.54,2.95,2.1,0.34,0.0
라면_용기면_국물,28,3.21,0.61,1.44,0.66,0.01
라면_용기면_면,192,33.42,3.5,4.95,2.31,0.04
라면_용기면_볶음라면,202,33.9,4.52,5.39,2.26,0.03
라면_짜장라면,177,31.0,3.66,4.28,1.69,0.03
라면_짬뽕라면,92,12.27,2.84,3.51,1.15,0.01
라면_치즈,99,13.33,2.8,3.83,1.57,0.03
막국수,109,20.9,3.8,1.1,0.0,0.0
만두_고기만두,208,27.79,9.38,6.58,2.41,0.03
만두_김치만두,187,23.82,8.13,6.59,2.37,0.02
만두국,62,6.83,3.06,2.49,0.61,0.01
비빔국수,113,20.0,3.4,2.1,0.0,0.0
스파게티_오일소스,162,22.35,4.89,5.86,0.97,0.01
스파게티_크림소스,209,18.44,5.45,12.65,6.42,0.25
스파게티_토마토소스,129,18.64,4.87,3.83,1.09,0.04
스파게티_해물_크림소스,184,17.39,6.08,9.96,4.95,0.19
스파게티_해물_토마토소스,117,17.45,5.59,2.75,0.63,0.01
쌀국수,53,9.18,2.6,0.7,0.23,0.02
올갱이국수,38,7.44,0.75,0.55,0.1,0.0
우동_김치,63,12.39,1.94,0.58,0.1,0.0
우동_삼선,69,10.59,4.79,0.85,0.2,0.0
우동_일식,60,10.6,1.91,1.13,0.21,0.0
울면,73,12.82,3.75,0.74,0.18,0.0
자장면,123,20.56,3.04,3.13,1.31,0.03
자장면_삼선,115,18.08,4.81,2.59,0.58,0.01
짬뽕_굴,76,12.85,3.65,1.07,0.16,0.0
짬뽕_삼선,74,11.3,4.4,1.2,0.21,0.0
칼국수_닭고기,74,10.52,4.69,1.42,0.28,0.0
칼국수_들깨,76,9.97,2.93,2.75,0.25,0.0
칼국수_해물,70,13.77,2.53,0.51,0.14,0.0
깨죽,64,9.91,1.71,1.99,0.35,0.0
미음,19,4.7,0.3,0.0,0.0,0.0
미음_칠분도미,20,4.6,0.3,0.1,0.03,0.0
미음_현미,19,4.4,0.4,0.1,0.02,0.0
백합죽,65,12.1,2.36,0.8,0.19,0.0
쇠고기버섯죽,72,13.63,2.34,0.93,0.34,0.02
스프_쇠고기,7,0.04,1.14,0.22,0.11,0.0
스프_쇠고기_채소,48,6.16,3.18,1.16,0.41,0.0
스프_양송이,39,3.33,0.66,2.59,0.47,0.0
스프_양파,12,2.77,0.32,0.01,0.0,0.0
스프_콘소메,11,0.32,2.52,0.0,0.0,0.0
스프_크림,30,4.7,0.72,0.97,0.5,0.0
어죽,69,12.6,2.55,0.94,0.21,0.0
율무죽,44,9.5,0.5,0.4,0.0,0.0
잣죽,125,22.18,2.74,2.8,0.28,0.03
참깨죽,38,5.9,1.0,1.2,0.0,0.0
참치죽,82,13.07,3.02,2.01,0.23,0.01
현미죽,64,15.2,1.2,0.4,0.09,0.0
게살죽,71,13.42,2.24,0.89,0.26,0.01
흰죽(쌀죽),53,11.45,0.99,0.15,0.05,0.0
흰죽(쌀죽)_삼광,53,11.51,0.89,0.1,0.04,0.0
흰죽(쌀죽)_새일미,55,11.72,1.09,0.17,0.05,0.0
흰죽(쌀죽)_신동진,53,11.42,0.96,0.15,0.06,0.0
흰죽(쌀죽)_오대,52,11.16,1.02,0.18,0.06,0.0
흰죽(쌀죽)_칠분도미,68,15.6,1.1,0.2,0.05,0.0
감자국,32,4.94,1.19,0.79,0.03,0.0
게국지,38,2.88,4.08,1.1,0.18,0.02
곰치국,42,2.39,5.43,1.18,0.14,0.01
곰탕,61,6.03,6.47,1.23,0.5,0.03
김치국,20,2.33,1.2,0.62,0.07,0.0
꼬리곰탕,110,0.7,14.6,5.4,0.0,0.0
낙지탕,31,1.73,4.9,0.53,0.07,0.0
된장국_무,23,3.27,1.36,0.53,0.07,0.0
된장국_시래기,22,2.44,1.49,0.69,0.07,0.0
된장국_우렁,49,3.84,4.92,1.54,0.22,0.0
매생이국,24,2.68,2.0,0.56,0.12,0.02
매운탕_광어,70,1.52,9.74,2.77,0.51,0.01
매운탕_대구,60,2.81,9.56,1.2,0.16,0.01
매운탕_조기,64,2.88,5.85,3.23,0.8,0.02
매운탕_짱뚱어,31,2.77,1.92,1.42,0.15,0.0
무국_쇠고기,31,1.95,3.55,1.0,0.33,0.03
묵말이_도토리묵,36,6.9,0.52,0.65,0.09,0.0
미소된장국,25,1.87,1.87,1.2,0.13,0.0
미역국_쇠고기,23,1.18,2.78,0.82,0.31,0.02
미역국_홍합,26,1.78,3.03,0.72,0.14,0.0
선짓국,42,1.4,6.4,1.2,0.0,0.0
소탕,58,1.27,5.1,3.57,0.39,0.01
순대국,68,2.16,5.44,4.13,1.37,0.02
아구탕,41,2.13,6.3,0.82,0.13,0.0
어탕,57,1.21,8.47,2.06,0.29,0.01
연포탕,54,2.02,9.49,0.9,0.18,0.01
올갱이국,24,2.17,2.28,0.7,0.13,0.0
육개장_쇠고기,49,3.0,3.1,2.7,0.0,0.0
육탕,58,0.23,8.44,2.64,1.14,0.12
전복탕,33,2.63,4.47,0.5,0.1,0.0
조개국_바지락,29,1.84,4.0,0.56,0.11,0.0
지리탕_대구,44,1.65,6.93,1.03,0.18,0.02
지리탕_복,39,1.72,6.95,0.45,0.07,0.0
초당순두부,58,1.76,5.46,3.24,0.42,0.0
탕국,37,0.1,5.27,1.71,0.4,0.03
해물탕,45,2.77,6.63,0.78,0.13,0.0
해장국_뼈다귀,71,2.34,7.46,3.57,1.43,0.01
해장국_선지,31,1.67,4.93,0.54,0.27,0.01
해장국_우거지,26,2.25,1.98,0.98,0.2,0.0
해장국_콩나물,32,1.7,3.4,1.3,0.0,0.0
황태해장국,30,0.95,4.08,1.13,0.18,0.0
고등어찌개,100,4.27,8.15,5.62,1.18,0.05
곱창전골_쇠고기,88,4.87,6.93,4.55,1.38,0.08
김치찌개,61,2.98,3.77,3.75,0.69,0.01
김치찌개_햄,63,4.23,3.7,3.47,1.23,0.03
꽁치찌개,118,4.07,8.0,7.77,1.63,0.97
두부전골,63,3.42,5.12,3.22,0.48,0.0
두부찌개_새우젓,55,2.4,5.4,2.7,0.53,0.0
매운탕_메기,67,8.1,4.77,1.7,0.48,0.03
매운탕_우럭,68,1.87,8.69,2.84,0.5,0.01
버섯찌개,42,3.85,3.68,1.3,0.33,0.03
부대찌개,67,6.62,3.07,3.1,0.9,0.02
샤브샤브_쇠고기,44,2.45,4.85,1.63,0.62,0.05
오리백숙_한방,157,1.12,22.93,6.7,2.13,0.05
청국장찌개,68,2.6,5.6,3.9,0.0,0.0
추어탕,32,2.68,2.27,1.32,0.19,0.0
호박찌개,32,4.07,1.87,0.87,0.13,0.0
갈비찜_고춧가루,172,7.9,20.43,6.57,2.67,0.17
갈비찜_쇠고기,198,5.26,19.94,10.78,4.13,0.43
꼬막찜_참꼬막,113,5.74,15.59,3.13,0.47,0.02
달걀_수란_중탕,145,0.2,12.3,11.7,3.21,0.0
닭찜_안동찜닭,91,9.3,7.61,2.59,0.69,0.01
대구찜,75,4.94,10.34,1.58,0.22,0.0
도미찜,126,0.54,23.0,3.48,0.91,0.02
동태찜,79,5.16,10.18,1.94,0.32,0.02
돼지고기_머리고기,325,1.75,21.2,26.0,7.6,0.2
돼지등갈비찜,214,12.76,16.02,10.93,3.58,0.07
병어찜,180,0.16,18.86,11.51,3.59,0.06
북어찜,157,12.0,18.73,3.8,0.6,0.07
붕어찜,76,6.51,4.94,3.35,0.53,0.03
숙회_문어,84,0.91,18.58,0.63,0.15,0.0
순대,181,19.45,6.52,8.55,2.43,0.04
아귀찜,78,4.37,12.08,1.33,0.21,0.01
오징어순대,133,16.66,13.06,1.6,0.4,0.0
전어찜,278,0.6,17.28,22.97,6.8,0.13
조기찜,182,1.64,20.06,10.59,2.85,0.08
족발,220,0.0,28.91,11.65,3.77,0.04
해물찜,80,7.08,8.52,1.96,0.3,0.0
갈비구이_쇠고기_양념,330,8.73,20.03,23.87,9.07,1.17
갈비구이_왕갈비_양념,321,9.13,18.07,23.53,8.67,1.47
곰장어구이_짚불,163,1.15,21.35,8.1,1.4,0.05
꼬치구이_닭고기,252,19.07,16.52,12.24,3.31,0.06
닭튀김(치킨)_양념,276,21.15,17.75,13.4,2.7,0.1
더덕구이,184,31.1,3.1,5.2,0.8,0.0
도미구이,159,0.84,24.44,6.6,1.52,0.04
돼지갈비,240,8.1,19.5,14.4,4.7,0.1
불고기_꿩,74,7.94,6.7,1.7,0.38,0.02
불고기_삼겹살_오징어,182,10.25,12.8,9.95,2.6,0.05
임연수구이,198,1.4,21.52,11.76,2.44,0.68
장어구이_붕장어_소금,297,11.6,26.0,16.2,3.6,0.2
장어구이_양념,289,5.87,20.51,20.37,4.74,0.18
햄버그스테이크,229,10.38,13.48,14.82,4.7,0.16
황태구이,219,13.45,23.9,7.7,1.2,0.05
훈제오리,319,4.83,17.22,25.63,6.39,0.16
고추전,183,11.34,8.61,11.48,2.35,0.06
굴전,195,14.5,10.6,10.5,2.1,0.1
깻잎전,241,9.7,11.82,17.18,3.62,0.1
꼬치구치_낙지,94,3.53,16.43,1.59,0.17,0.01
녹두빈대떡,208,20.93,7.94,10.27,2.26,0.06
두부전,170,5.0,13.64,10.58,1.34,0.03
미나리전,151,22.82,3.49,5.08,0.82,0.04
배추전,160,23.68,3.44,5.78,0.92,0.05
버섯전,160,10.8,7.02,9.91,1.53,0.04
생선전_가자미,154,4.61,17.17,7.38,1.5,0.04
생성전_동태,179,7.02,15.09,10.03,2.11,0.06
소라산적,150,8.06,22.4,3.14,0.47,0.02
쇠고기산적,227,3.67,24.2,12.78,3.53,0.44
스크램블에그,149,1.61,9.99,10.98,3.33,0.62
오징어산적,127,4.5,21.72,2.47,0.34,0.0
완자전_쇠고기(동그랑땡/육원전),206,8.45,13.08,13.33,3.1,0.08
채소전,194,21.6,5.4,9.5,2.1,0.1
파전,195,23.2,4.56,9.35,1.51,0.05
햄부침,244,11.3,11.3,17.1,4.4,0.1
호박부침개,129,10.1,3.9,8.1,1.7,0.1
호박전,139,10.73,4.32,8.73,1.56,0.04
홍합산적,196,13.22,22.23,6.0,1.04,0.05
화양적,182,14.23,9.05,9.85,2.55,0.06
곱창볶음_돼지껍데기,235,16.33,17.2,11.13,3.27,0.07
난자완스,173,9.57,10.81,10.17,2.3,0.12
닭갈비,149,11.23,11.48,6.45,1.5,0.05
돼지고기볶음,175,9.11,11.48,10.33,2.56,0.08
두부김치,115,5.63,7.79,6.85,1.27,0.03
머위나물볶음,72,5.07,2.33,4.67,0.53,0.0
멸치볶음_풋고추,262,17.03,23.25,11.2,1.97,0.12
버섯볶음_양송이,91,7.33,3.0,5.53,0.93,0.0
버섯볶음_표고버섯,95,10.53,3.0,4.47,0.53,0.0
소시지볶음,236,15.9,9.4,14.95,4.4,0.1
순대볶음,146,19.18,5.18,5.33,1.28,0.03
잡채_고추,128,13.09,5.5,6.01,1.05,0.04
주꾸미볶음,106,11.41,9.16,2.6,0.3,0.01
해물볶음,105,8.05,9.55,3.83,0.53,0.03
가자미조림,99,7.17,12.37,2.37,0.43,0.03
고추조림,111,13.4,3.3,4.9,0.7,0.0
동태조림,110,6.96,16.32,1.88,0.44,0.08
북어조림,182,17.14,20.83,3.33,0.67,0.05
연근조림,261,60.2,2.1,1.3,0.0,0.0
장조림_돼지고기_메추리알,127,6.74,16.67,3.7,0.88,0.01
장조림_쇠고기_메추리알,121,5.77,16.27,3.68,0.9,0.03
장조림_우엉,149,34.37,2.1,0.3,0.05,0.0
조기조림,128,4.27,13.7,6.27,1.67,0.03
콩조림(콩자반),271,39.1,19.3,4.2,0.0,0.0
고구마맛탕,246,47.3,1.65,5.5,0.95,0.0
고구마튀김,253,33.8,2.72,11.87,1.74,0.05
고추튀김,202,14.6,7.6,12.6,2.7,0.1
김말이튀김,251,32.1,2.4,12.5,0.0,0.0
깐풍기,295,18.9,13.1,18.5,0.0,0.0
닭모래집튀김,312,19.4,18.73,17.73,2.73,0.13
닭튀김,301,16.27,21.73,16.57,4.33,0.13
닭튀김_다리(넓적다리),277,9.08,21.61,16.53,4.41,0.0
닭튀김_다리(아랫다리),268,8.28,21.95,15.75,4.14,0.0
닭튀김_닭가슴살,252,20.2,21.0,9.7,0.0,0.0
닭튀김_목,330,8.7,19.82,23.52,6.22,0.0
닭튀김_살코기,289,9.42,22.54,17.35,4.61,0.0
돈가스_돼지등심,312,19.24,16.5,18.77,4.56,0.13
돈가스_돼지안심,326,17.13,16.64,21.2,4.27,0.12
돈가스_치즈,302,16.71,16.81,18.68,5.44,0.18
라조기,199,13.12,10.33,11.75,2.57,0.08
미꾸라지튀김,387,28.85,10.89,25.39,3.89,0.15
생선가스,327,23.28,12.17,20.55,3.98,0.12
양파링튀김,411,43.58,3.86,25.23,4.19,0.16
쥐포튀김,357,42.5,9.62,16.49,2.29,0.1
채소튀김,321,37.6,3.6,17.3,0.0,0.0
치킨가스,296,22.01,13.96,16.96,4.21,0.13
탕수육,228,25.9,8.7,10.0,0.0,0.0
깻잎나물볶음,103,5.75,3.75,7.2,0.85,0.05
달래무침,91,15.87,2.67,1.87,0.2,0.0
미나리나물,59,4.48,2.03,3.67,0.5,0.02
우거지나물무침,86,5.8,3.0,5.67,0.67,0.07
취나물무침,148,6.61,2.75,12.31,1.68,0.05
골뱅이무침,109,15.69,7.08,1.97,0.26,0.02
냉채_해파리,61,8.93,4.13,0.93,0.2,0.0
노각무침,56,9.53,1.73,1.2,0.13,0.0
단무지무침,40,5.6,1.0,1.6,0.2,0.0
더덕무침,144,28.93,2.87,1.87,0.27,0.0
무말랭이무침,131,29.24,2.25,0.61,0.14,0.0
묵무침_도토리묵,46,10.38,0.29,0.32,0.03,0.0
묵무침_청포묵,60,9.08,1.16,2.08,0.32,0.0
밴댕이무침,150,11.5,7.45,8.25,1.15,0.05
샐러드_양배추_코올슬로,153,14.89,0.95,9.91,1.6,0.04
쑥갓나물무침,64,4.4,3.0,3.8,0.47,0.0
탕평채,97,12.26,3.55,3.81,0.73,0.03
홍어무침,99,12.98,8.93,1.32,0.18,0.0
회무침_서대,105,15.3,7.53,1.53,0.17,0.0
갓김치,37,7.07,3.26,0.4,0.08,0.01
고들빼기,111,21.87,3.16,1.22,0.14,0.0
배추김치,38,6.24,1.97,0.57,0.09,0.0
배추김치_가을재배,37,6.1,1.85,0.54,0.09,0.0
배추김치_봄재배,39,5.95,2.22,0.67,0.11,0.0
배추김치_여름재배,38,6.56,1.84,0.49,0.08,0.0
백김치,16,3.0,0.95,0.07,0.01,0.01
얼갈이배추김치,30,4.37,1.88,0.58,0.09,0.0
열무김치,32,4.99,2.4,0.29,0.06,0.0
열무물김치,18,2.91,1.41,0.07,0.02,0.0
열무얼갈이김치,35,5.22,2.15,0.66,0.08,0.0
오이소박이,37,6.66,1.76,0.37,0.08,0.0
유채김치,62,10.1,3.5,0.8,0.0,0.0
유해물김치,17,3.0,1.0,0.1,0.0,0.0
총각김치,41,7.89,2.02,0.2,0.05,0.0
파김치,49,8.51,2.5,0.58,0.11,0.0
고추장아찌,124,31.49,2.39,0.63,0.11,0.0
들깻잎장아찌,124,26.0,4.03,0.42,0.06,0.0
마늘장아찌,113,25.36,2.43,0.16,0.04,0.0
마늘종장아찌,118,27.34,1.96,0.14,0.04,0.0
마늘쫑장아찌_간장,60,10.8,2.0,1.0,0.0,0.0
마늘쫑장아찌_고추장,110,21.0,2.6,1.8,0.2,0.0
매실장아찌,243,58.11,1.65,0.43,0.08,0.0
무장아찌,80,16.76,1.47,0.76,0.04,0.0
식혜,87,16.21,1.53,1.75,0.04,0.0
액상커피_커피가루_설탕_크림(중량12g),51,10.06,0.43,1.03,0.96,0.0
액상커피_커피가루_설탕(중량2.7g),17,3.98,0.18,0.0,0.0,0.0
액상커피_커피가루(중량1g),4,0.7,0.2,0.01,0.0,0.0
가래흑미,205,47.8,3.5,0.0,0.0,0.0
개피떡(바람떡),207,45.6,4.3,0.8,0.0,0.0
개피떡(바람떡)_쑥,206,45.2,4.5,0.8,0.0,0.0
경단_깨,319,74.22,4.44,0.54,0.46,0.0
경단_찹쌀_카스텔라,237,51.1,4.1,1.8,0.0,0.0
경단_콩,314,74.03,3.51,0.46,0.19,0.0
기피편,220,48.99,5.45,0.25,0.13,0.0
모싯잎송편_동부,190,40.29,5.65,0.66,0.24,0.0
모싯잎송편_동부(국내산),190,40.68,5.28,0.65,0.24,0.0
모싯잎송편_동부(수입산),190,39.9,6.03,0.67,0.24,0.0
무지개떡,229,53.01,3.53,0.31,0.16,0.0
백설기_검정콩,229,48.31,5.75,1.46,0.31,0.0
빙떡(메밀전병),168,21.62,6.18,6.29,1.19,0.04
송편_검정콩,200,41.2,6.9,0.8,0.0,0.0
송편_깨,224,44.96,4.92,2.74,0.48,0.0
송편_콩,194,41.66,5.24,0.75,0.24,0.0
송편_팥,200,43.6,5.4,0.4,0.0,0.0
수수경단,218,43.1,8.2,1.4,0.0,0.0
수수부꾸미,248,42.1,5.73,6.29,0.97,0.03
수수팥떡,204,43.03,6.7,0.59,0.16,0.0
시루녹두,246,48.08,7.74,2.53,0.52,0.0
시루팥,217,47.54,5.47,0.61,0.24,0.0
쑥떡,249,57.89,3.36,0.4,0.2,0.0
인절미_콩고물,231,49.69,5.52,1.15,0.23,0.01
인절미_팥고물,204,44.8,4.2,0.9,0.0,0.0
절편,193,43.94,3.64,0.28,0.19,0.0
찰시루떡,181,37.63,6.63,0.41,0.13,0.0
찹쌀떡,277,65.61,3.26,0.15,0.15,0.0
대구포,141,2.33,31.97,0.4,0.17,0.0
물회,76,7.9,4.91,2.7,0.4,0.01
물회_생선,72,10.31,4.29,1.54,0.25,0.0
북어포,332,1.59,77.11,1.95,0.66,0.0
